                                                                     
                                                                     
                                                                     
                                             
-- From: krystof1000@gmail.com Kryštof Kuželka 
-- To: rfojta@gmail.com Ríša Fojta 
-- Date: Fri, 2 Jul 2010 16:54:23 +0200 
-- Subject: export apedog cz 
 
-- phpMyAdmin SQL Dump
-- version 2.11.9.4
-- http://www.phpmyadmin.net
--
-- Host: mysql.praha.aiesec.cz
-- Generation Time: Jul 02, 2010 at 07:53 AM
-- Server version: 5.1.39
-- PHP Version: 5.2.13

SET SQL_MODE="NO_AUTO_VALUE_ON_ZERO";

--
-- Database: `apedog_cz`
--

-- --------------------------------------------------------

--
-- Table structure for table `areas`
--

CREATE TABLE IF NOT EXISTS `areas` (
  `id` int(10) unsigned NOT NULL AUTO_INCREMENT,
  `name` varchar(45) CHARACTER SET latin1 COLLATE latin1_general_ci NOT
NULL,
  `description` varchar(45) CHARACTER SET latin1 COLLATE latin1_general_ci
DEFAULT NULL,
  `created` datetime NOT NULL,
  `updated` datetime NOT NULL,
  PRIMARY KEY (`id`)
) ENGINE=InnoDB  DEFAULT CHARSET=utf8 COLLATE=utf8_bin AUTO_INCREMENT=11 ;

--
-- Dumping data for table `areas`
--

INSERT INTO `areas` (`id`, `name`, `description`, `created`, `updated`)
VALUES
(4, 'F', 'Finance', '2009-09-01 16:52:09', '0000-00-00 00:00:00'),
(5, 'CR', 'Corporate relations', '2009-09-01 16:52:32', '2010-03-09
08:45:20'),
(6, 'ICX', 'Incoming exchange', '2009-09-01 16:52:41', '2009-09-01
16:52:56'),
(7, 'OGX', 'Outgoing Exchange', '2009-09-01 16:53:23', '2010-03-09
08:45:28'),
(8, 'TM', 'Talent Management', '2009-09-01 16:53:37', '0000-00-00
00:00:00'),
(9, 'PR', 'Public Relations', '2009-09-01 16:54:02', '2010-03-09 08:44:47'),
(10, 'President', '', '2009-09-01 16:54:18', '0000-00-00 00:00:00');

-- --------------------------------------------------------

--
-- Table structure for table `business_perspectives`
--

CREATE TABLE IF NOT EXISTS `business_perspectives` (
  `id` int(11) NOT NULL AUTO_INCREMENT,
  `name` varchar(45) NOT NULL,
  `description` varchar(45) DEFAULT NULL,
  `created` datetime NOT NULL,
  `updated` datetime NOT NULL,
  PRIMARY KEY (`id`)
) ENGINE=MyISAM  DEFAULT CHARSET=latin1 AUTO_INCREMENT=22 ;

--
-- Dumping data for table `business_perspectives`
--

INSERT INTO `business_perspectives` (`id`, `name`, `description`, `created`,
`updated`) VALUES
(16, 'The Way we do it', '', '2009-09-01 17:14:42', '0000-00-00 00:00:00'),
(18, 'Sustainability', '', '2009-09-01 17:22:10', '0000-00-00 00:00:00'),
(19, 'Customers', 'create new item', '2009-09-01 17:22:17', '0000-00-00
00:00:00'),
(20, 'Internal Processes', 'create new item', '2009-09-01 17:22:25',
'0000-00-00 00:00:00'),
(21, 'Learning and Capacity', 'create new item', '2009-09-01 17:22:34',
'0000-00-00 00:00:00');

-- --------------------------------------------------------

--
-- Table structure for table `csfs`
--

CREATE TABLE IF NOT EXISTS `csfs` (
  `id` int(11) NOT NULL AUTO_INCREMENT,
  `name` varchar(45) CHARACTER SET latin1 NOT NULL,
  `description` varchar(45) CHARACTER SET latin1 NOT NULL,
  `created` datetime NOT NULL,
  `updated` datetime NOT NULL,
  `business_perspective` int(11) NOT NULL,
  PRIMARY KEY (`id`)
) ENGINE=InnoDB  DEFAULT CHARSET=utf8 COLLATE=utf8_bin COMMENT='Critical
succes factor ' AUTO_INCREMENT=17 ;

--
-- Dumping data for table `csfs`
--

INSERT INTO `csfs` (`id`, `name`, `description`, `created`, `updated`,
`business_perspective`) VALUES
(1, 'X+L, Quality, TD+X', '', '2009-09-01 17:29:51', '2010-04-28 05:13:29',
16),
(2, 'LDS', 'Leadership', '2009-09-01 17:30:18', '2010-04-27 08:30:35', 16),
(3, 'X', 'Exchange', '2009-09-01 17:30:31', '2010-04-27 08:30:14', 16),
(4, 'Finance & Sustainability', '', '2009-09-01 17:30:44', '2010-04-28
05:14:26', 18),
(5, 'EPs and Members', '', '2009-09-01 17:30:51', '2010-04-28 05:14:39',
19),
(6, 'Companies & Non-corporate', '', '2009-09-01 17:31:14', '2010-04-28
05:15:15', 19),
(7, 'Positioning (companies & students)', '', '2009-09-01 17:34:48',
'2010-04-28 05:16:04', 19),
(8, 'Market Analysis', '', '2009-09-01 17:35:27', '2010-03-09 08:16:30',
20),
(9, 'Account management (partners and alumni)', '', '2009-09-01 17:35:35',
'2010-04-28 05:16:49', 20),
(10, 'Planning and Review', '', '2009-09-01 17:35:43', '2010-03-09
08:20:22', 20),
(11, 'Managing Information', '', '2009-09-01 17:35:51', '2010-03-09
08:20:12', 20),
(12, 'Gouvernance and Accountability', '', '2009-09-01 17:36:00',
'2010-03-09 08:19:42', 20),
(13, 'IT Structure', '', '2009-09-01 17:36:08', '2010-03-09 08:20:43', 21),
(14, 'Managing Members', '', '2009-09-01 17:36:16', '2010-04-28 05:17:05',
21),
(15, 'Recruitment and Induction', '', '2009-09-01 17:36:24', '2010-03-09
08:20:31', 21),
(16, 'Exchange Management (matching)', 'XM', '2010-03-09 08:21:22',
'2010-04-28 05:20:22', 20);

-- --------------------------------------------------------

--
-- Table structure for table `detail_tracking`
--

CREATE TABLE IF NOT EXISTS `detail_tracking` (
  `id` int(10) unsigned NOT NULL AUTO_INCREMENT,
  `kpi` int(10) unsigned NOT NULL,
  `lc` int(10) unsigned NOT NULL,
  `actual` double DEFAULT NULL,
  `target` double DEFAULT NULL,
  `created` datetime NOT NULL,
  `updated` datetime NOT NULL,
  `quarter` int(10) unsigned NOT NULL,
  PRIMARY KEY (`id`),
  UNIQUE KEY `kpi-lc-quarter` (`kpi`,`lc`,`quarter`),
  KEY `kpi` (`kpi`),
  KEY `quarter` (`quarter`),
  KEY `lc` (`lc`)
) ENGINE=MyISAM  DEFAULT CHARSET=latin1 AUTO_INCREMENT=1644 ;

--
-- Dumping data for table `detail_tracking`
--

INSERT INTO `detail_tracking` (`id`, `kpi`, `lc`, `actual`, `target`,
`created`, `updated`, `quarter`) VALUES
(95, 26, 3, 1, 1, '0000-00-00 00:00:00', '2009-12-01 08:26:31', 7),
(94, 25, 3, 1, 1, '0000-00-00 00:00:00', '2009-12-01 08:26:31', 7),
(93, 18, 3, 0, 0, '0000-00-00 00:00:00', '2010-06-28 02:20:24', 7),
(92, 10, 3, 3, 5, '0000-00-00 00:00:00', '2010-06-28 02:20:24', 7),
(96, 18, 1, 0, 1, '0000-00-00 00:00:00', '2010-05-02 01:58:58', 7),
(97, 25, 1, 1, 1, '0000-00-00 00:00:00', '2010-05-02 01:58:58', 7),
(98, 26, 1, 1, 1, '0000-00-00 00:00:00', '2010-05-02 01:58:58', 7),
(99, 1, 7, 7, 7, '0000-00-00 00:00:00', '2010-03-30 11:50:28', 7),
(100, 2, 7, 2, 2, '0000-00-00 00:00:00', '2010-03-30 11:50:28', 7),
(101, 3, 7, 0, 0, '0000-00-00 00:00:00', '2010-03-30 11:50:28', 7),
(102, 4, 7, 5, 8, '0000-00-00 00:00:00', '2010-03-30 11:50:28', 7),
(103, 5, 7, 12, 13, '0000-00-00 00:00:00', '2010-03-30 11:50:28', 7),
(104, 6, 7, 291153, NULL, '0000-00-00 00:00:00', '2010-03-30 11:50:28', 7),
(105, 7, 7, 4.4, NULL, '0000-00-00 00:00:00', '2010-03-30 11:50:28', 7),
(106, 8, 7, 1, 4, '0000-00-00 00:00:00', '2010-03-30 11:50:28', 7),
(107, 9, 7, 1, 1, '0000-00-00 00:00:00', '2010-03-30 11:50:28', 7),
(108, 10, 7, 4, 5, '0000-00-00 00:00:00', '2010-03-30 11:50:28', 7),
(109, 12, 7, 0, NULL, '0000-00-00 00:00:00', '2010-03-30 11:50:28', 7),
(110, 13, 7, 0, 0, '0000-00-00 00:00:00', '2010-03-30 11:50:28', 7),
(111, 14, 7, 0, NULL, '0000-00-00 00:00:00', '2010-03-30 11:50:28', 7),
(112, 16, 7, 0, NULL, '0000-00-00 00:00:00', '2010-03-30 11:50:28', 7),
(113, 18, 7, 0, NULL, '0000-00-00 00:00:00', '2010-03-30 11:50:28', 7),
(114, 21, 7, 6, NULL, '0000-00-00 00:00:00', '2010-03-30 11:50:28', 7),
(115, 25, 7, 1, 1, '0000-00-00 00:00:00', '2010-03-30 11:50:28', 7),
(116, 26, 7, 1, 0, '0000-00-00 00:00:00', '2010-03-30 11:50:28', 7),
(117, 29, 7, 33, 33, '0000-00-00 00:00:00', '2010-03-30 11:50:28', 7),
(118, 30, 7, 67, 70, '0000-00-00 00:00:00', '2010-03-30 11:50:28', 7),
(119, 31, 7, 100, 100, '0000-00-00 00:00:00', '2010-01-09 10:12:42', 7),
(120, 32, 7, 27, 27, '0000-00-00 00:00:00', '2010-03-30 11:50:28', 7),
(121, 1, 4, 4, NULL, '0000-00-00 00:00:00', '2009-09-17 12:09:34', 7),
(122, 2, 4, 0, 2, '0000-00-00 00:00:00', '2010-04-05 10:58:17', 7),
(123, 3, 4, 0, 3, '0000-00-00 00:00:00', '2010-04-05 10:58:17', 7),
(124, 4, 4, 3, 3, '0000-00-00 00:00:00', '2010-03-29 08:00:13', 7),
(125, 5, 4, 4, 7, '0000-00-00 00:00:00', '2010-04-07 04:36:21', 7),
(126, 6, 4, 173749, 168176, '0000-00-00 00:00:00', '2010-04-06 00:43:18',
7),
(127, 7, 4, 6.86, 6.64, '0000-00-00 00:00:00', '2010-04-06 00:43:18', 7),
(128, 8, 4, 2, 0, '0000-00-00 00:00:00', '2010-04-07 04:36:21', 7),
(129, 9, 4, 0, 8, '0000-00-00 00:00:00', '2010-04-05 10:58:17', 7),
(130, 10, 4, 5, 5, '0000-00-00 00:00:00', '2010-03-29 08:00:13', 7),
(131, 11, 4, 100, 100, '0000-00-00 00:00:00', '2010-01-02 00:04:46', 7),
(132, 12, 4, 0, 40000, '0000-00-00 00:00:00', '2010-04-05 12:16:30', 7),
(133, 13, 4, 0, NULL, '0000-00-00 00:00:00', '2009-09-17 12:09:34', 7),
(134, 14, 4, 0, NULL, '0000-00-00 00:00:00', '2009-09-17 12:09:34', 7),
(135, 18, 4, 0, NULL, '0000-00-00 00:00:00', '2009-09-17 12:09:34', 7),
(136, 19, 4, 0, NULL, '0000-00-00 00:00:00', '2010-04-05 12:16:30', 7),
(137, 21, 4, 0, NULL, '0000-00-00 00:00:00', '2010-04-05 12:16:30', 7),
(138, 25, 4, 1, NULL, '0000-00-00 00:00:00', '2009-09-17 12:09:34', 7),
(139, 26, 4, 1, NULL, '0000-00-00 00:00:00', '2009-09-17 12:09:34', 7),
(140, 29, 4, 88.89, NULL, '0000-00-00 00:00:00', '2009-09-17 12:09:34', 7),
(141, 30, 4, 50, NULL, '0000-00-00 00:00:00', '2009-09-17 12:09:34', 7),
(142, 31, 4, 100, NULL, '0000-00-00 00:00:00', '2009-09-17 12:09:34', 7),
(143, 32, 4, 27, NULL, '0000-00-00 00:00:00', '2009-09-17 12:09:34', 7),
(144, 1, 9, 8, 8, '0000-00-00 00:00:00', '2010-04-03 15:39:43', 7),
(145, 2, 9, 0, 0, '0000-00-00 00:00:00', '2010-04-03 15:39:43', 7),
(146, 3, 9, 0, 0, '0000-00-00 00:00:00', '2010-04-03 15:39:43', 7),
(147, 4, 9, 5, 13, '0000-00-00 00:00:00', '2009-12-06 13:25:24', 7),
(148, 5, 9, 1, 5, '0000-00-00 00:00:00', '2009-12-06 13:28:31', 7),
(149, 6, 9, 21700, 20640, '0000-00-00 00:00:00', '2009-12-22 00:51:54', 7),
(150, 7, 9, 1, 1, '0000-00-00 00:00:00', '2009-12-22 00:51:54', 7),
(151, 8, 9, 0, 3, '0000-00-00 00:00:00', '2009-12-06 13:28:31', 7),
(152, 9, 9, 0, 0, '0000-00-00 00:00:00', '2010-04-03 15:39:43', 7),
(153, 10, 9, 0, 2, '0000-00-00 00:00:00', '2009-12-06 13:25:24', 7),
(154, 11, 9, 100, 100, '0000-00-00 00:00:00', '2009-12-06 13:25:24', 7),
(155, 12, 9, 30000, 35000, '0000-00-00 00:00:00', '2010-01-03 06:26:03', 7),
(156, 13, 9, 0, 0, '0000-00-00 00:00:00', '2010-01-20 02:42:13', 7),
(157, 18, 9, 0, 0, '0000-00-00 00:00:00', '2009-12-21 12:42:17', 7),
(158, 19, 9, 100, 100, '0000-00-00 00:00:00', '2010-01-03 06:26:03', 7),
(159, 21, 9, 3, 3, '0000-00-00 00:00:00', '2010-01-03 06:26:03', 7),
(160, 25, 9, 1, 1, '0000-00-00 00:00:00', '2010-01-20 02:42:13', 7),
(161, 26, 9, 1, 1, '0000-00-00 00:00:00', '2010-01-20 02:42:13', 7),
(162, 28, 9, 37.5, 0, '0000-00-00 00:00:00', '2010-04-03 15:39:43', 7),
(163, 29, 9, 28.5, 0, '0000-00-00 00:00:00', '2010-04-03 15:39:43', 7),
(164, 30, 9, 75, 0, '0000-00-00 00:00:00', '2010-04-03 15:39:43', 7),
(165, 31, 9, 100, 100, '0000-00-00 00:00:00', '2009-12-21 09:34:42', 7),
(166, 32, 9, 10, 11, '0000-00-00 00:00:00', '2010-04-03 15:39:43', 7),
(167, 19, 7, 100, NULL, '0000-00-00 00:00:00', '2010-03-30 11:50:28', 7),
(168, 1, 6, 0, NULL, '0000-00-00 00:00:00', '2010-01-02 11:41:14', 7),
(169, 2, 6, 0, 0, '0000-00-00 00:00:00', '2010-01-02 11:41:14', 7),
(170, 3, 6, 0, 0, '0000-00-00 00:00:00', '2010-01-02 11:41:14', 7),
(171, 4, 6, 4, 4, '0000-00-00 00:00:00', '2010-01-02 11:41:14', 7),
(172, 5, 6, 2, 5, '0000-00-00 00:00:00', '2010-01-02 11:41:14', 7),
(173, 6, 6, 48555, NULL, '0000-00-00 00:00:00', '2010-01-02 11:41:14', 7),
(174, 7, 6, 6, NULL, '0000-00-00 00:00:00', '2010-01-02 11:41:14', 7),
(175, 8, 6, 1, 0, '0000-00-00 00:00:00', '2010-01-02 11:41:14', 7),
(176, 9, 6, 1.2, 0, '0000-00-00 00:00:00', '2010-01-02 11:41:14', 7),
(177, 10, 6, 0, 0, '0000-00-00 00:00:00', '2010-01-02 11:41:14', 7),
(178, 11, 6, 0, 0, '0000-00-00 00:00:00', '2010-01-02 11:41:14', 7),
(179, 12, 6, 0, 0, '0000-00-00 00:00:00', '2010-01-02 11:41:14', 7),
(180, 13, 6, 0, 0, '0000-00-00 00:00:00', '2010-01-02 11:41:14', 7),
(181, 14, 6, 0, 0, '0000-00-00 00:00:00', '2010-01-02 11:41:14', 7),
(182, 18, 6, 0, 0, '0000-00-00 00:00:00', '2010-01-02 11:41:14', 7),
(183, 19, 6, 0, 0, '0000-00-00 00:00:00', '2010-01-02 11:41:14', 7),
(184, 21, 6, 0, 0, '0000-00-00 00:00:00', '2010-01-02 11:41:14', 7),
(185, 25, 6, 0, 0, '0000-00-00 00:00:00', '2010-01-02 11:41:14', 7),
(186, 26, 6, 1, 0, '0000-00-00 00:00:00', '2010-01-02 11:41:14', 7),
(187, 28, 6, 16, NULL, '0000-00-00 00:00:00', '2010-01-02 11:41:14', 7),
(188, 29, 6, 33, NULL, '0000-00-00 00:00:00', '2010-01-02 11:41:14', 7),
(189, 30, 6, 75, NULL, '0000-00-00 00:00:00', '2010-01-02 11:41:14', 7),
(190, 31, 6, 100, 100, '0000-00-00 00:00:00', '2010-01-02 11:41:14', 7),
(191, 32, 6, 11, 11, '0000-00-00 00:00:00', '2010-01-02 11:41:14', 7),
(192, 1, 8, 5, NULL, '0000-00-00 00:00:00', '2010-04-05 03:06:36', 7),
(193, 2, 8, 1, 0, '0000-00-00 00:00:00', '2010-04-05 03:06:36', 7),
(194, 3, 8, 6, 2, '0000-00-00 00:00:00', '2010-04-05 03:06:36', 7),
(195, 4, 8, 3, 7, '0000-00-00 00:00:00', '2010-04-05 03:06:36', 7),
(196, 5, 8, 4, 6, '0000-00-00 00:00:00', '2010-04-05 03:06:36', 7),
(197, 6, 8, -17685, NULL, '0000-00-00 00:00:00', '2010-04-05 03:06:36', 7),
(198, 7, 8, 2, NULL, '0000-00-00 00:00:00', '2010-04-05 03:06:36', 7),
(199, 8, 8, 10, 2, '0000-00-00 00:00:00', '2010-04-05 03:06:36', 7),
(200, 9, 8, 1, 1, '0000-00-00 00:00:00', '2010-04-05 03:06:36', 7),
(201, 10, 8, 4, 4, '0000-00-00 00:00:00', '2010-04-05 03:06:36', 7),
(202, 12, 8, 40000, NULL, '0000-00-00 00:00:00', '2010-04-05 03:06:36', 7),
(203, 13, 8, 0, 0, '0000-00-00 00:00:00', '2010-01-06 04:11:27', 7),
(204, 14, 8, 0, 1, '0000-00-00 00:00:00', '2010-04-05 03:06:36', 7),
(205, 18, 8, 1, 0, '0000-00-00 00:00:00', '2010-04-05 03:06:36', 7),
(206, 19, 8, 100, NULL, '0000-00-00 00:00:00', '2010-04-05 03:06:36', 7),
(207, 21, 8, 3, NULL, '0000-00-00 00:00:00', '2010-04-05 03:06:36', 7),
(208, 25, 8, 0, 1, '0000-00-00 00:00:00', '2010-03-30 02:58:12', 7),
(209, 26, 8, 1, 1, '0000-00-00 00:00:00', '2010-03-30 02:58:12', 7),
(210, 28, 8, 50, NULL, '0000-00-00 00:00:00', '2010-04-05 03:06:36', 7),
(211, 29, 8, 78.25, NULL, '0000-00-00 00:00:00', '2010-04-05 03:06:36', 7),
(212, 30, 8, 83.33, NULL, '0000-00-00 00:00:00', '2010-04-05 03:06:36', 7),
(213, 31, 8, 100, 100, '0000-00-00 00:00:00', '2010-01-06 04:07:42', 7),
(214, 32, 8, 28, 20, '0000-00-00 00:00:00', '2010-04-05 03:06:36', 7),
(215, 1, 5, 0, NULL, '0000-00-00 00:00:00', '2009-09-17 12:23:49', 7),
(216, 2, 5, 0, NULL, '0000-00-00 00:00:00', '2009-09-17 12:23:49', 7),
(217, 3, 5, 0, NULL, '0000-00-00 00:00:00', '2009-09-17 12:23:49', 7),
(218, 4, 5, 0, NULL, '0000-00-00 00:00:00', '2009-09-17 12:23:49', 7),
(219, 5, 5, 1, NULL, '0000-00-00 00:00:00', '2009-09-17 12:23:49', 7),
(220, 6, 5, -103290, NULL, '0000-00-00 00:00:00', '2009-09-17 12:23:49', 7),
(221, 7, 5, 0, NULL, '0000-00-00 00:00:00', '2009-09-17 12:23:49', 7),
(222, 8, 5, 1, NULL, '0000-00-00 00:00:00', '2009-09-17 12:23:49', 7),
(223, 9, 5, 1, NULL, '0000-00-00 00:00:00', '2009-09-17 12:23:49', 7),
(224, 10, 5, 0, NULL, '0000-00-00 00:00:00', '2009-09-17 12:23:49', 7),
(225, 11, 5, 0, NULL, '0000-00-00 00:00:00', '2009-09-17 12:23:49', 7),
(226, 12, 5, 0, NULL, '0000-00-00 00:00:00', '2009-09-17 12:23:49', 7),
(227, 13, 5, 0, NULL, '0000-00-00 00:00:00', '2009-09-17 12:23:49', 7),
(228, 14, 5, 0, NULL, '0000-00-00 00:00:00', '2009-09-17 12:23:49', 7),
(229, 18, 5, 0, NULL, '0000-00-00 00:00:00', '2009-09-17 12:23:49', 7),
(230, 25, 5, 0, NULL, '0000-00-00 00:00:00', '2009-09-17 12:23:49', 7),
(231, 26, 5, 0, NULL, '0000-00-00 00:00:00', '2009-09-17 12:23:49', 7),
(232, 29, 5, 10, NULL, '0000-00-00 00:00:00', '2009-09-17 12:23:49', 7),
(233, 30, 5, 66, NULL, '0000-00-00 00:00:00', '2009-09-17 12:23:49', 7),
(234, 31, 5, 90, NULL, '0000-00-00 00:00:00', '2009-09-17 12:23:49', 7),
(235, 32, 5, 8, NULL, '0000-00-00 00:00:00', '2009-09-17 12:23:49', 7),
(236, 21, 5, 0, NULL, '0000-00-00 00:00:00', '2009-09-17 12:23:49', 7),
(237, 1, 2, 0, 8, '0000-00-00 00:00:00', '2010-06-30 12:03:19', 7),
(238, 2, 2, 0, 0, '0000-00-00 00:00:00', '2010-06-30 12:03:19', 7),
(239, 3, 2, 7, 2, '0000-00-00 00:00:00', '2010-06-30 12:03:18', 7),
(240, 4, 2, 0, 2, '0000-00-00 00:00:00', '2010-06-30 12:03:19', 7),
(241, 5, 2, 1, 3, '0000-00-00 00:00:00', '2010-06-30 12:03:19', 7),
(242, 6, 2, 140000, 154000, '0000-00-00 00:00:00', '2010-06-30 12:03:19',
7),
(243, 7, 2, 10, 7, '0000-00-00 00:00:00', '2010-06-30 12:03:19', 7),
(244, 8, 2, 0, 0, '0000-00-00 00:00:00', '2010-06-30 12:03:19', 7),
(245, 9, 2, 0.6, NULL, '0000-00-00 00:00:00', '2010-01-06 09:21:47', 7),
(246, 10, 2, 0, 2, '0000-00-00 00:00:00', '2010-06-30 12:03:19', 7),
(247, 11, 2, 100, NULL, '0000-00-00 00:00:00', '2010-01-06 09:21:47', 7),
(248, 12, 2, 0, 115000, '0000-00-00 00:00:00', '2010-06-30 12:03:19', 7),
(249, 13, 2, 0, 0, '0000-00-00 00:00:00', '2010-01-06 09:21:47', 7),
(250, 14, 2, 2, NULL, '0000-00-00 00:00:00', '2010-01-06 09:21:47', 7),
(251, 18, 2, 0, 0, '0000-00-00 00:00:00', '2010-06-30 12:03:19', 7),
(252, 19, 2, 0, 100, '0000-00-00 00:00:00', '2010-06-30 12:03:19', 7),
(253, 21, 2, 0, 0, '0000-00-00 00:00:00', '2010-01-06 09:21:47', 7),
(254, 25, 2, 0, 0, '0000-00-00 00:00:00', '2010-01-06 09:21:47', 7),
(255, 26, 2, 1, 0, '0000-00-00 00:00:00', '2010-01-06 09:21:47', 7),
(256, 28, 2, 80, NULL, '0000-00-00 00:00:00', '2010-01-06 09:21:47', 7),
(257, 29, 2, 70, NULL, '0000-00-00 00:00:00', '2010-01-06 09:21:47', 7),
(258, 30, 2, 60, NULL, '0000-00-00 00:00:00', '2010-01-06 09:21:47', 7),
(259, 31, 2, 100, NULL, '0000-00-00 00:00:00', '2010-01-06 09:21:47', 7),
(260, 32, 2, 12, NULL, '0000-00-00 00:00:00', '2010-01-06 09:21:47', 7),
(261, 1, 3, 7, NULL, '0000-00-00 00:00:00', '2010-06-28 02:20:24', 7),
(262, 2, 3, 2, 2, '0000-00-00 00:00:00', '2010-06-28 02:20:24', 7),
(263, 3, 3, 0, 0, '0000-00-00 00:00:00', '2010-06-28 02:20:23', 7),
(264, 4, 3, 4, 7, '0000-00-00 00:00:00', '2010-06-28 02:20:24', 7),
(265, 5, 3, 20, 16, '0000-00-00 00:00:00', '2010-06-28 02:20:24', 7),
(266, 6, 3, 3000000, 3500000, '0000-00-00 00:00:00', '2010-06-28 02:20:24',
7),
(267, 7, 3, 8, 18, '0000-00-00 00:00:00', '2010-06-28 02:20:24', 7),
(268, 8, 3, 5, 2, '0000-00-00 00:00:00', '2010-06-28 02:20:24', 7),
(269, 9, 3, 0, 0, '0000-00-00 00:00:00', '2010-06-28 02:20:24', 7),
(270, 11, 3, 100, 20, '0000-00-00 00:00:00', '2009-12-26 15:41:42', 7),
(271, 12, 3, 232000, NULL, '0000-00-00 00:00:00', '2010-06-28 02:20:24', 7),
(272, 13, 3, 0, 0, '0000-00-00 00:00:00', '2010-06-28 02:20:24', 7),
(273, 14, 3, 5, 10, '0000-00-00 00:00:00', '2010-06-28 02:20:24', 7),
(274, 15, 3, 1549, 6640, '0000-00-00 00:00:00', '2010-06-28 02:20:24', 7),
(275, 19, 3, 100, 90, '0000-00-00 00:00:00', '2010-06-28 02:20:24', 7),
(276, 21, 3, 4, 16, '0000-00-00 00:00:00', '2010-06-28 02:20:24', 7),
(277, 28, 3, 36, 36, '0000-00-00 00:00:00', '2010-06-28 02:20:24', 7),
(278, 29, 3, 47, 47, '0000-00-00 00:00:00', '2010-06-28 02:20:24', 7),
(279, 30, 3, 76, 50, '0000-00-00 00:00:00', '2010-06-28 02:20:24', 7),
(280, 31, 3, 100, 100, '0000-00-00 00:00:00', '2009-12-01 08:26:31', 7),
(281, 32, 3, 49, 44, '0000-00-00 00:00:00', '2010-06-28 02:20:24', 7),
(282, 1, 10, 0, NULL, '0000-00-00 00:00:00', '2010-01-03 11:44:58', 7),
(283, 2, 10, 0, 0, '0000-00-00 00:00:00', '2010-01-03 11:44:58', 7),
(284, 3, 10, 1, 1, '0000-00-00 00:00:00', '2010-01-03 11:44:58', 7),
(285, 4, 10, 1, 3, '0000-00-00 00:00:00', '2010-01-03 11:44:58', 7),
(286, 5, 10, 2, 4, '0000-00-00 00:00:00', '2010-01-03 11:44:58', 7),
(287, 6, 10, 11400, 0, '0000-00-00 00:00:00', '2010-04-04 02:19:23', 7),
(288, 7, 10, 4, NULL, '0000-00-00 00:00:00', '2010-04-04 02:19:23', 7),
(289, 8, 10, 0, 0, '0000-00-00 00:00:00', '2010-01-03 11:44:58', 7),
(290, 9, 10, 1, 1, '0000-00-00 00:00:00', '2010-01-03 11:44:58', 7),
(291, 10, 10, 3, 2, '0000-00-00 00:00:00', '2010-01-03 11:44:58', 7),
(292, 12, 10, 0, 0, '0000-00-00 00:00:00', '2010-01-03 11:44:58', 7),
(293, 13, 10, 0, 0, '0000-00-00 00:00:00', '2010-01-03 11:44:58', 7),
(294, 14, 10, 0, 1, '0000-00-00 00:00:00', '2010-01-03 11:44:58', 7),
(295, 16, 10, 75, NULL, '0000-00-00 00:00:00', '2010-01-03 11:44:58', 7),
(296, 18, 10, 0, 1, '0000-00-00 00:00:00', '2010-01-03 11:44:58', 7),
(297, 19, 10, 100, 100, '0000-00-00 00:00:00', '2010-01-03 11:44:58', 7),
(298, 21, 10, 0, 0, '0000-00-00 00:00:00', '2010-01-03 11:44:58', 7),
(299, 25, 10, 1, 1, '0000-00-00 00:00:00', '2010-01-03 11:44:59', 7),
(300, 26, 10, 1, 1, '0000-00-00 00:00:00', '2010-01-03 11:44:59', 7),
(301, 28, 10, 0, 0, '0000-00-00 00:00:00', '2010-01-03 11:44:59', 7),
(302, 29, 10, 40, 10, '0000-00-00 00:00:00', '2010-01-03 11:44:59', 7),
(303, 31, 10, 100, 100, '0000-00-00 00:00:00', '2010-01-03 11:44:59', 7),
(304, 17, 3, 0, 0, '0000-00-00 00:00:00', '2009-12-26 15:41:42', 7),
(305, 20, 3, NULL, 15, '0000-00-00 00:00:00', '2009-12-01 08:26:31', 7),
(306, 22, 3, 106, 100, '0000-00-00 00:00:00', '2010-06-28 02:20:24', 7),
(307, 23, 3, NULL, 90, '0000-00-00 00:00:00', '2009-12-01 08:26:31', 7),
(308, 24, 3, NULL, 0, '0000-00-00 00:00:00', '2009-12-01 08:26:31', 7),
(309, 27, 3, NULL, 3, '0000-00-00 00:00:00', '2009-12-01 08:26:31', 7),
(310, 33, 3, NULL, NULL, '0000-00-00 00:00:00', '2009-12-01 08:26:31', 7),
(311, 2, 3, 2, 2, '0000-00-00 00:00:00', '2010-01-09 10:33:28', 8),
(312, 3, 3, 2, 2, '0000-00-00 00:00:00', '2010-01-10 14:38:43', 8),
(313, 4, 3, 3, 5, '0000-00-00 00:00:00', '2010-04-01 04:33:08', 8),
(314, 5, 3, 4, 12, '0000-00-00 00:00:00', '2010-04-01 02:06:12', 8),
(315, 6, 3, 2800000, 3500000, '0000-00-00 00:00:00', '2010-01-09 10:33:28',
8),
(316, 7, 3, 8, 18, '0000-00-00 00:00:00', '2010-01-09 10:33:28', 8),
(317, 8, 3, 16, 24, '0000-00-00 00:00:00', '2010-04-01 02:06:12', 8),
(318, 9, 3, 1, 2, '0000-00-00 00:00:00', '2010-01-10 14:38:43', 8),
(319, 10, 3, 17, 20, '0000-00-00 00:00:00', '2010-04-01 04:33:08', 8),
(320, 11, 3, 100, 20, '0000-00-00 00:00:00', '2010-01-09 10:33:28', 8),
(321, 13, 3, 0, 0, '0000-00-00 00:00:00', '2010-01-09 10:33:28', 8),
(322, 14, 3, 12, 10, '0000-00-00 00:00:00', '2010-01-09 10:33:28', 8),
(323, 15, 3, 5980, 6440, '0000-00-00 00:00:00', '2010-01-09 10:33:28', 8),
(324, 17, 3, 0, 0, '0000-00-00 00:00:00', '2010-01-09 10:33:28', 8),
(325, 18, 3, 0, 0, '0000-00-00 00:00:00', '2010-01-09 10:33:28', 8),
(326, 19, 3, NULL, 70, '0000-00-00 00:00:00', '2009-10-18 15:37:53', 8),
(327, 20, 3, 37, 15, '0000-00-00 00:00:00', '2010-01-09 10:33:28', 8),
(328, 21, 3, 12, 16, '0000-00-00 00:00:00', '2010-01-09 10:33:28', 8),
(329, 22, 3, 60, 100, '0000-00-00 00:00:00', '2010-01-09 10:33:28', 8),
(330, 23, 3, NULL, 90, '0000-00-00 00:00:00', '2009-10-18 15:37:53', 8),
(331, 24, 3, NULL, 0, '0000-00-00 00:00:00', '2009-10-18 15:37:53', 8),
(332, 25, 3, 0, 1, '0000-00-00 00:00:00', '2010-01-09 10:33:28', 8),
(333, 26, 3, 0, 1, '0000-00-00 00:00:00', '2010-01-09 10:33:28', 8),
(334, 27, 3, 4, 4, '0000-00-00 00:00:00', '2010-01-09 10:33:28', 8),
(335, 28, 3, NULL, 47, '0000-00-00 00:00:00', '2010-01-05 12:30:54', 8),
(336, 29, 3, NULL, 43, '0000-00-00 00:00:00', '2010-01-05 12:30:54', 8),
(337, 30, 3, 85, 85, '0000-00-00 00:00:00', '2010-01-10 14:38:43', 8),
(338, 31, 3, 100, 100, '0000-00-00 00:00:00', '2010-01-10 14:38:43', 8),
(339, 32, 3, 71, 72, '0000-00-00 00:00:00', '2010-01-10 14:38:43', 8),
(340, 33, 3, 381.679389312977, 285.714285714286, '0000-00-00 00:00:00',
'2010-01-10 14:38:43', 8),
(341, 2, 3, 5, 4, '0000-00-00 00:00:00', '2010-04-05 02:52:52', 3),
(342, 3, 3, 4, 4, '0000-00-00 00:00:00', '2010-04-05 02:52:52', 3),
(343, 4, 3, 12, 16, '0000-00-00 00:00:00', '2010-04-05 02:52:52', 3),
(344, 5, 3, 16, 16, '0000-00-00 00:00:00', '2010-04-05 02:52:52', 3),
(345, 6, 3, 4015000, 3500000, '0000-00-00 00:00:00', '2010-04-05 02:52:52',
3),
(346, 7, 3, 53, 18, '0000-00-00 00:00:00', '2010-04-05 02:52:52', 3),
(347, 8, 3, 8, 2, '0000-00-00 00:00:00', '2010-04-05 02:52:52', 3),
(348, 9, 3, 1.5, 2, '0000-00-00 00:00:00', '2010-04-05 02:52:52', 3),
(349, 10, 3, 6, 3, '0000-00-00 00:00:00', '2010-04-05 02:52:52', 3),
(350, 11, 3, 16, 20, '0000-00-00 00:00:00', '2009-09-27 00:34:25', 3),
(351, 13, 3, 0, 0, '0000-00-00 00:00:00', '2010-04-05 02:52:52', 3),
(352, 14, 3, 5, 5, '0000-00-00 00:00:00', '2010-04-05 02:52:52', 3),
(353, 15, 3, 561, 600, '0000-00-00 00:00:00', '2010-04-05 02:52:52', 3),
(354, 17, 3, 0, 0, '0000-00-00 00:00:00', '2009-09-27 00:34:25', 3),
(355, 18, 3, 0, 0, '0000-00-00 00:00:00', '2010-04-05 02:52:52', 3),
(356, 19, 3, 68, 90, '0000-00-00 00:00:00', '2010-04-05 02:52:52', 3),
(357, 20, 3, 10, 15, '0000-00-00 00:00:00', '2010-04-05 02:52:52', 3),
(358, 21, 3, 12, 16, '0000-00-00 00:00:00', '2010-04-05 02:52:52', 3),
(359, 22, 3, 88, 100, '0000-00-00 00:00:00', '2010-04-05 02:52:52', 3),
(360, 23, 3, 75, 90, '0000-00-00 00:00:00', '2009-09-27 00:34:25', 3),
(361, 24, 3, 0, 0, '0000-00-00 00:00:00', '2009-09-27 00:34:25', 3),
(362, 25, 3, 1, 1, '0000-00-00 00:00:00', '2009-09-27 00:34:25', 3),
(363, 26, 3, 1, 1, '0000-00-00 00:00:00', '2009-09-27 00:34:25', 3),
(364, 27, 3, 3, 3, '0000-00-00 00:00:00', '2010-04-05 02:52:52', 3),
(365, 28, 3, 20, 45, '0000-00-00 00:00:00', '2010-04-05 02:52:52', 3),
(366, 29, 3, 50, 60, '0000-00-00 00:00:00', '2010-04-05 02:52:52', 3),
(367, 30, 3, 80, 75, '0000-00-00 00:00:00', '2010-04-05 02:52:52', 3),
(368, 31, 3, 90, 100, '0000-00-00 00:00:00', '2009-09-27 00:34:25', 3),
(369, 32, 3, 42, 40, '0000-00-00 00:00:00', '2010-04-05 02:52:52', 3),
(370, 33, 3, NULL, NULL, '0000-00-00 00:00:00', '2010-04-05 02:52:52', 3),
(371, 2, 3, 0, 2, '0000-00-00 00:00:00', '2009-09-27 00:36:25', 4),
(372, 3, 3, 0, 0, '0000-00-00 00:00:00', '2009-09-27 00:36:25', 4),
(373, 4, 3, 7, 4, '0000-00-00 00:00:00', '2009-09-27 00:36:25', 4),
(374, 5, 3, 8, 19, '0000-00-00 00:00:00', '2009-09-27 00:36:25', 4),
(375, 6, 3, 3430000, 3500000, '0000-00-00 00:00:00', '2009-09-27 00:36:25',
4),
(376, 7, 3, 53, 18, '0000-00-00 00:00:00', '2009-09-27 00:36:25', 4),
(377, 8, 3, 23, 65, '0000-00-00 00:00:00', '2009-09-27 00:36:25', 4),
(378, 9, 3, 1.5, 2, '0000-00-00 00:00:00', '2009-09-27 00:36:25', 4),
(379, 10, 3, 18, 13, '0000-00-00 00:00:00', '2009-09-27 00:36:25', 4),
(380, 11, 3, 18, 20, '0000-00-00 00:00:00', '2009-09-27 00:36:25', 4),
(381, 13, 3, 0, 0, '0000-00-00 00:00:00', '2009-09-27 00:36:25', 4),
(382, 14, 3, 2, 4, '0000-00-00 00:00:00', '2009-09-27 00:36:25', 4),
(383, 15, 3, 561, 600, '0000-00-00 00:00:00', '2009-09-27 00:36:25', 4),
(384, 17, 3, 0, 0, '0000-00-00 00:00:00', '2009-09-27 00:36:25', 4),
(385, 18, 3, 0, 0, '0000-00-00 00:00:00', '2009-09-27 00:36:25', 4),
(386, 19, 3, 68, 90, '0000-00-00 00:00:00', '2009-09-27 00:36:25', 4),
(387, 20, 3, 10, 15, '0000-00-00 00:00:00', '2009-09-27 00:36:25', 4),
(388, 21, 3, 12, 16, '0000-00-00 00:00:00', '2009-09-27 00:36:25', 4),
(389, 22, 3, 65, 100, '0000-00-00 00:00:00', '2009-09-27 00:36:25', 4),
(390, 23, 3, 80, 90, '0000-00-00 00:00:00', '2009-09-27 00:36:25', 4),
(391, 24, 3, NULL, 0, '0000-00-00 00:00:00', '2009-09-27 00:28:04', 4),
(392, 25, 3, 1, 1, '0000-00-00 00:00:00', '2009-09-27 00:36:25', 4),
(393, 26, 3, 1, 1, '0000-00-00 00:00:00', '2009-09-27 00:36:25', 4),
(394, 27, 3, 2, 4, '0000-00-00 00:00:00', '2009-09-27 00:36:25', 4),
(395, 28, 3, 20, 45, '0000-00-00 00:00:00', '2009-09-27 00:36:25', 4),
(396, 29, 3, 40, 60, '0000-00-00 00:00:00', '2009-09-27 00:36:25', 4),
(397, 30, 3, 80, 75, '0000-00-00 00:00:00', '2009-09-27 00:36:25', 4),
(398, 31, 3, 100, 100, '0000-00-00 00:00:00', '2009-09-27 00:36:25', 4),
(399, 32, 3, 76, 75, '0000-00-00 00:00:00', '2009-09-27 00:36:25', 4),
(400, 33, 3, 256.410256410256, 333.333333333333, '0000-00-00 00:00:00',
'2009-09-27 00:36:25', 4),
(401, 2, 3, 0, 2, '0000-00-00 00:00:00', '2009-09-27 00:38:14', 5),
(402, 3, 3, 13, 15, '0000-00-00 00:00:00', '2009-09-27 00:38:14', 5),
(403, 4, 3, 4, 10, '0000-00-00 00:00:00', '2009-09-27 00:38:14', 5),
(404, 5, 3, 16, 24, '0000-00-00 00:00:00', '2009-09-27 00:38:14', 5),
(405, 6, 3, 3500000, 3500000, '0000-00-00 00:00:00', '2009-09-27 00:38:14',
5),
(406, 7, 3, 53, 18, '0000-00-00 00:00:00', '2009-09-27 00:38:14', 5),
(407, 8, 3, 30, 1, '0000-00-00 00:00:00', '2009-09-27 00:38:14', 5),
(408, 9, 3, 1.5, 2, '0000-00-00 00:00:00', '2009-09-27 00:38:14', 5),
(409, 10, 3, 2, 6, '0000-00-00 00:00:00', '2009-09-27 00:38:14', 5),
(410, 11, 3, 18, 20, '0000-00-00 00:00:00', '2009-09-27 00:38:14', 5),
(411, 13, 3, 0, 0, '0000-00-00 00:00:00', '2009-09-27 00:38:14', 5),
(412, 14, 3, 4, 5, '0000-00-00 00:00:00', '2009-09-27 00:38:14', 5),
(413, 15, 3, 561, 600, '0000-00-00 00:00:00', '2009-09-27 00:38:14', 5),
(414, 17, 3, 0, 0, '0000-00-00 00:00:00', '2009-09-27 00:38:14', 5),
(415, 18, 3, 0, 0, '0000-00-00 00:00:00', '2009-09-27 00:38:14', 5),
(416, 19, 3, 68, 90, '0000-00-00 00:00:00', '2009-09-27 00:38:14', 5),
(417, 20, 3, 10, 15, '0000-00-00 00:00:00', '2009-09-27 00:38:14', 5),
(418, 21, 3, 12, 16, '0000-00-00 00:00:00', '2009-09-27 00:38:14', 5),
(419, 22, 3, 59, 100, '0000-00-00 00:00:00', '2009-09-27 00:38:14', 5),
(420, 23, 3, 85, 90, '0000-00-00 00:00:00', '2009-09-27 00:38:14', 5),
(421, 24, 3, 0, 0, '0000-00-00 00:00:00', '2009-09-27 00:38:14', 5),
(422, 25, 3, 1, 1, '0000-00-00 00:00:00', '2009-09-27 00:38:14', 5),
(423, 26, 3, 1, 1, '0000-00-00 00:00:00', '2009-09-27 00:38:14', 5),
(424, 27, 3, 5, 4, '0000-00-00 00:00:00', '2009-09-27 00:38:14', 5),
(425, 28, 3, 20, 45, '0000-00-00 00:00:00', '2009-09-27 00:38:14', 5),
(426, 29, 3, 35, 60, '0000-00-00 00:00:00', '2009-09-27 00:38:14', 5),
(427, 30, 3, 40, 75, '0000-00-00 00:00:00', '2009-09-27 00:38:14', 5),
(428, 31, 3, 100, 100, '0000-00-00 00:00:00', '2009-09-27 00:38:14', 5),
(429, 32, 3, 55, 80, '0000-00-00 00:00:00', '2009-09-27 00:38:14', 5),
(430, 33, 3, 217.391304347826, 175.438596491228, '0000-00-00 00:00:00',
'2009-09-27 00:38:14', 5),
(431, 2, 3, 1, 2, '0000-00-00 00:00:00', '2009-09-27 00:39:30', 6),
(432, 3, 3, 5, 4, '0000-00-00 00:00:00', '2009-09-27 00:39:30', 6),
(433, 4, 3, 7, 10, '0000-00-00 00:00:00', '2009-09-27 00:39:30', 6),
(434, 5, 3, 18, 13, '0000-00-00 00:00:00', '2009-09-27 00:39:30', 6),
(435, 6, 3, 3600000, 3500000, '0000-00-00 00:00:00', '2009-09-27 00:39:30',
6),
(436, 7, 3, 53, 18, '0000-00-00 00:00:00', '2009-09-27 00:39:30', 6),
(437, 8, 3, 30, 45, '0000-00-00 00:00:00', '2009-09-27 00:39:30', 6),
(438, 9, 3, 1.5, 2, '0000-00-00 00:00:00', '2009-09-27 00:39:30', 6),
(439, 10, 3, 9, 16, '0000-00-00 00:00:00', '2009-09-27 00:39:30', 6),
(440, 11, 3, 16, 20, '0000-00-00 00:00:00', '2009-09-27 00:39:30', 6),
(441, 13, 3, 0, 0, '0000-00-00 00:00:00', '2009-09-27 00:39:30', 6),
(442, 14, 3, 2, 4, '0000-00-00 00:00:00', '2009-09-27 00:39:30', 6),
(443, 15, 3, 561, 600, '0000-00-00 00:00:00', '2009-09-27 00:39:30', 6),
(444, 17, 3, 0, 0, '0000-00-00 00:00:00', '2009-09-27 00:39:30', 6),
(445, 18, 3, 0, 0, '0000-00-00 00:00:00', '2009-09-27 00:39:30', 6),
(446, 19, 3, 68, 90, '0000-00-00 00:00:00', '2009-09-27 00:39:30', 6),
(447, 20, 3, 10, 15, '0000-00-00 00:00:00', '2009-09-27 00:39:30', 6),
(448, 21, 3, 12, 16, '0000-00-00 00:00:00', '2009-09-27 00:39:30', 6),
(449, 22, 3, 109, 100, '0000-00-00 00:00:00', '2009-09-27 00:39:30', 6),
(450, 23, 3, 85, 90, '0000-00-00 00:00:00', '2009-09-27 00:39:30', 6),
(451, 24, 3, 0, 0, '0000-00-00 00:00:00', '2009-09-27 00:39:30', 6),
(452, 25, 3, 1, 1, '0000-00-00 00:00:00', '2009-09-27 00:39:30', 6),
(453, 26, 3, 1, 1, '0000-00-00 00:00:00', '2009-09-27 00:39:30', 6),
(454, 27, 3, 9, 5, '0000-00-00 00:00:00', '2009-09-27 00:39:30', 6),
(455, 28, 3, 20, 45, '0000-00-00 00:00:00', '2009-09-27 00:39:30', 6),
(456, 29, 3, 35, 60, '0000-00-00 00:00:00', '2009-09-27 00:39:30', 6),
(457, 30, 3, 80, 75, '0000-00-00 00:00:00', '2009-09-27 00:39:30', 6),
(458, 31, 3, 100, 100, '0000-00-00 00:00:00', '2009-09-27 00:39:30', 6),
(459, 32, 3, 43, 60, '0000-00-00 00:00:00', '2009-09-27 00:39:30', 6),
(460, 33, 3, NULL, NULL, '0000-00-00 00:00:00', '2009-09-27 00:39:30', 6),
(461, 5, 3, 19, 14, '0000-00-00 00:00:00', '2010-04-05 15:18:15', 9),
(462, 8, 3, 37, 25, '0000-00-00 00:00:00', '2010-04-05 15:18:15', 9),
(463, 18, 3, 0, 0, '0000-00-00 00:00:00', '2010-04-05 15:18:15', 9),
(464, 25, 3, NULL, 0, '0000-00-00 00:00:00', '2010-02-10 11:22:50', 9),
(465, 26, 3, NULL, 0, '0000-00-00 00:00:00', '2010-02-10 11:22:50', 9),
(466, 5, 3, 26, 12, '0000-00-00 00:00:00', '2010-07-01 09:41:46', 10),
(467, 8, 3, 35, 35, '0000-00-00 00:00:00', '2010-07-01 09:41:46', 10),
(468, 18, 3, 0, 0, '0000-00-00 00:00:00', '2010-07-01 09:44:12', 10),
(469, 25, 3, NULL, 0, '0000-00-00 00:00:00', '2009-10-03 06:09:03', 10),
(470, 26, 3, NULL, 0, '0000-00-00 00:00:00', '2009-10-03 06:09:03', 10),
(471, 16, 3, 81, 81, '0000-00-00 00:00:00', '2010-01-09 10:33:28', 8),
(472, 12, 3, 59500, 119500, '0000-00-00 00:00:00', '2010-01-09 10:33:28',
8),
(473, 2, 2, 1, 1, '0000-00-00 00:00:00', '2010-03-28 00:44:53', 8),
(474, 18, 2, 0, 0, '0000-00-00 00:00:00', '2010-03-28 00:44:53', 8),
(475, 25, 2, 0, 0, '0000-00-00 00:00:00', '2010-03-28 00:44:53', 8),
(476, 26, 2, 0, 0, '0000-00-00 00:00:00', '2010-03-28 00:44:53', 8),
(477, 2, 2, 0, 0, '0000-00-00 00:00:00', '2010-04-06 11:04:09', 9),
(478, 3, 2, 9, 3, '0000-00-00 00:00:00', '2010-04-06 11:04:09', 9),
(479, 18, 2, 0, 0, '0000-00-00 00:00:00', '2010-03-30 09:04:26', 9),
(480, 25, 2, 0, 0, '0000-00-00 00:00:00', '2010-03-28 00:54:46', 9),
(481, 26, 2, 0, 0, '0000-00-00 00:00:00', '2010-03-28 00:54:46', 9),
(482, 3, 2, 8, 9, '0000-00-00 00:00:00', '2010-03-28 00:44:53', 8),
(483, 5, 2, 2, 5, '0000-00-00 00:00:00', '2010-03-28 00:44:53', 8),
(484, 8, 2, 0, 10, '0000-00-00 00:00:00', '2010-03-28 00:44:53', 8),
(485, 9, 2, 0, 0, '0000-00-00 00:00:00', '2010-03-28 00:44:53', 8),
(486, 28, 2, 100, 100, '0000-00-00 00:00:00', '2010-03-28 00:44:53', 8),
(487, 29, 2, 100, 90, '0000-00-00 00:00:00', '2010-03-28 00:44:53', 8),
(488, 30, 2, 90, 80, '0000-00-00 00:00:00', '2010-03-28 00:44:53', 8),
(489, 31, 2, 100, 100, '0000-00-00 00:00:00', '2010-01-06 09:27:27', 8),
(490, 32, 2, 22, 24, '0000-00-00 00:00:00', '2010-03-28 00:44:53', 8),
(491, 33, 2, 250, 153.846153846154, '0000-00-00 00:00:00', '2010-03-28
00:44:53', 8),
(492, 23, 2, 100, 100, '0000-00-00 00:00:00', '2010-01-06 09:27:27', 8),
(493, 20, 2, 17, 17, '0000-00-00 00:00:00', '2010-03-28 00:44:53', 8),
(494, 12, 2, 0, 0, '0000-00-00 00:00:00', '2010-03-28 00:44:53', 8),
(495, 13, 2, 0, 0, '0000-00-00 00:00:00', '2010-03-28 00:44:53', 8),
(496, 14, 2, NULL, 2, '0000-00-00 00:00:00', '2009-12-01 07:46:51', 8),
(497, 15, 2, NULL, 50, '0000-00-00 00:00:00', '2009-12-01 07:46:51', 8),
(498, 22, 2, 62, 75, '0000-00-00 00:00:00', '2010-03-28 00:44:53', 8),
(499, 27, 2, 5, 5, '0000-00-00 00:00:00', '2010-03-28 00:44:53', 8),
(500, 13, 2, 1, 1, '0000-00-00 00:00:00', '2010-03-30 09:04:26', 9),
(501, 20, 2, 17, 17, '0000-00-00 00:00:00', '2010-03-28 00:54:46', 9),
(502, 22, 2, 33, 100, '0000-00-00 00:00:00', '2010-03-28 00:54:46', 9),
(503, 23, 2, NULL, 100, '0000-00-00 00:00:00', '2010-01-02 07:21:48', 9),
(504, 27, 2, 6, 6, '0000-00-00 00:00:00', '2010-03-28 00:54:46', 9),
(505, 1, 2, 8, 8.5, '0000-00-00 00:00:00', '2010-04-06 11:04:09', 9),
(506, 5, 2, 0, 3, '0000-00-00 00:00:00', '2010-03-29 08:06:34', 9),
(507, 8, 2, 7, 10, '0000-00-00 00:00:00', '2010-03-29 08:06:34', 9),
(508, 1, 2, 4, 7, '0000-00-00 00:00:00', '2010-03-28 00:44:53', 8),
(509, 20, 9, 28, 0, '0000-00-00 00:00:00', '2010-01-20 02:42:13', 7),
(510, 22, 9, 43.74, 100, '0000-00-00 00:00:00', '2010-01-20 02:42:13', 7),
(511, 23, 9, 100, 100, '0000-00-00 00:00:00', '2010-01-20 02:42:13', 7),
(512, 24, 9, 100, 100, '0000-00-00 00:00:00', '2010-01-20 02:42:13', 7),
(513, 27, 9, 3.7, 5, '0000-00-00 00:00:00', '2010-01-20 02:42:13', 7),
(514, 6, 2, 160000, 154000, '0000-00-00 00:00:00', '2010-03-28 00:44:53',
8),
(515, 7, 2, 8, 7, '0000-00-00 00:00:00', '2010-03-28 00:44:53', 8),
(516, 19, 2, 0, 0, '0000-00-00 00:00:00', '2010-03-28 00:44:53', 8),
(517, 21, 2, 0, 0, '0000-00-00 00:00:00', '2010-03-28 00:44:53', 8),
(518, 17, 9, 3, 3, '0000-00-00 00:00:00', '2009-12-06 13:25:24', 7),
(519, 4, 9, 2, 9, '0000-00-00 00:00:00', '2010-04-04 02:43:19', 8),
(520, 10, 9, 9, 7, '0000-00-00 00:00:00', '2010-04-04 02:43:19', 8),
(521, 11, 9, 80, 100, '0000-00-00 00:00:00', '2010-01-20 02:24:16', 8),
(522, 17, 9, 3, 3, '0000-00-00 00:00:00', '2010-01-20 02:24:16', 8),
(523, 1, 9, 6, 8, '0000-00-00 00:00:00', '2010-04-04 02:44:53', 8),
(524, 2, 9, 0, 0, '0000-00-00 00:00:00', '2010-04-04 02:44:53', 8),
(525, 5, 9, 2, 3, '0000-00-00 00:00:00', '2010-04-04 02:43:19', 8),
(526, 8, 9, 6, 0, '0000-00-00 00:00:00', '2010-04-04 02:43:19', 8),
(527, 14, 9, 2, 0, '0000-00-00 00:00:00', '2009-12-21 12:42:17', 7),
(528, 15, 9, 361, 0, '0000-00-00 00:00:00', '2009-12-21 12:42:17', 7),
(529, 16, 9, 60, 0, '0000-00-00 00:00:00', '2009-12-21 12:42:17', 7),
(530, 13, 9, 0, 0, '0000-00-00 00:00:00', '2010-04-04 02:43:19', 8),
(531, 20, 9, 28, 28, '0000-00-00 00:00:00', '2010-04-04 02:43:19', 8),
(532, 22, 9, 37, 100, '0000-00-00 00:00:00', '2010-04-04 02:43:19', 8),
(533, 23, 9, 100, 100, '0000-00-00 00:00:00', '2010-01-20 02:42:27', 8),
(534, 24, 9, 100, 100, '0000-00-00 00:00:00', '2010-01-20 02:42:27', 8),
(535, 25, 9, 1, 1, '0000-00-00 00:00:00', '2010-04-04 02:43:19', 8),
(536, 26, 9, 1, 1, '0000-00-00 00:00:00', '2010-04-04 02:43:19', 8),
(537, 27, 9, 2.9, 2.7, '0000-00-00 00:00:00', '2010-04-04 02:43:19', 8),
(538, 14, 9, 1, NULL, '0000-00-00 00:00:00', '2009-12-21 09:21:35', 13),
(539, 18, 9, 1, NULL, '0000-00-00 00:00:00', '2009-12-21 09:21:35', 13),
(540, 14, 9, 3, NULL, '0000-00-00 00:00:00', '2009-12-21 09:21:49', 14),
(541, 18, 9, 1, NULL, '0000-00-00 00:00:00', '2009-12-21 09:21:49', 14),
(542, 14, 9, 3, NULL, '0000-00-00 00:00:00', '2010-01-02 05:04:51', 3),
(543, 18, 9, 1, NULL, '0000-00-00 00:00:00', '2010-01-02 05:04:51', 3),
(544, 14, 9, 2, NULL, '0000-00-00 00:00:00', '2010-01-02 05:04:39', 4),
(545, 18, 9, 1, NULL, '0000-00-00 00:00:00', '2010-01-02 05:04:39', 4),
(546, 14, 9, 0, NULL, '0000-00-00 00:00:00', '2010-01-02 05:04:27', 5),
(547, 18, 9, 1, NULL, '0000-00-00 00:00:00', '2010-01-02 05:04:27', 5),
(548, 21, 9, 3, NULL, '0000-00-00 00:00:00', '2009-12-21 09:21:35', 13),
(549, 21, 9, 4, NULL, '0000-00-00 00:00:00', '2009-12-21 09:21:49', 14),
(550, 21, 9, 8, NULL, '0000-00-00 00:00:00', '2010-01-02 05:04:51', 3),
(551, 21, 9, 7, NULL, '0000-00-00 00:00:00', '2010-01-02 05:04:39', 4),
(552, 21, 9, 7, NULL, '0000-00-00 00:00:00', '2010-01-02 05:04:27', 5),
(553, 4, 9, 4, NULL, '0000-00-00 00:00:00', '2009-12-21 09:21:35', 13),
(554, 10, 9, 5, NULL, '0000-00-00 00:00:00', '2009-12-21 09:21:35', 13),
(555, 4, 9, 0, NULL, '0000-00-00 00:00:00', '2009-12-21 09:21:49', 14),
(556, 10, 9, 2, NULL, '0000-00-00 00:00:00', '2009-12-21 09:21:49', 14),
(557, 4, 9, 5, NULL, '0000-00-00 00:00:00', '2010-01-02 05:04:51', 3),
(558, 10, 9, 1, NULL, '0000-00-00 00:00:00', '2010-01-02 05:04:51', 3),
(559, 4, 9, 4, NULL, '0000-00-00 00:00:00', '2010-01-02 05:04:39', 4),
(560, 5, 9, 1, NULL, '0000-00-00 00:00:00', '2009-12-21 09:21:35', 13),
(561, 5, 9, 0, NULL, '0000-00-00 00:00:00', '2009-12-21 09:21:49', 14),
(562, 5, 9, 2, NULL, '0000-00-00 00:00:00', '2010-01-02 05:04:51', 3),
(563, 5, 9, 2, NULL, '0000-00-00 00:00:00', '2010-01-02 05:04:39', 4),
(564, 5, 9, 2, NULL, '0000-00-00 00:00:00', '2010-01-02 05:04:27', 5),
(565, 3, 9, 9, NULL, '0000-00-00 00:00:00', '2009-12-21 09:21:35', 13),
(566, 3, 9, 3, NULL, '0000-00-00 00:00:00', '2009-12-21 09:21:49', 14),
(567, 3, 9, 1, NULL, '0000-00-00 00:00:00', '2010-01-02 05:04:51', 3),
(568, 3, 9, 3, NULL, '0000-00-00 00:00:00', '2010-01-02 05:04:39', 4),
(569, 3, 9, 3, NULL, '0000-00-00 00:00:00', '2010-01-02 05:04:27', 5),
(570, 9, 9, 0, NULL, '0000-00-00 00:00:00', '2009-12-21 09:21:49', 14),
(571, 9, 9, 0, NULL, '0000-00-00 00:00:00', '2010-01-02 05:04:39', 4),
(572, 33, 9, 100, NULL, '0000-00-00 00:00:00', '2009-12-21 09:21:35', 13),
(573, 33, 9, NULL, NULL, '0000-00-00 00:00:00', '2009-12-21 09:21:49', 14),
(574, 33, 9, NULL, NULL, '0000-00-00 00:00:00', '2010-01-02 05:04:51', 3),
(575, 33, 9, 133.333333333333, NULL, '0000-00-00 00:00:00', '2010-01-02
05:04:39', 4),
(576, 33, 9, NULL, NULL, '0000-00-00 00:00:00', '2010-01-02 05:04:27', 5),
(577, 32, 9, 0, NULL, '0000-00-00 00:00:00', '2009-12-21 09:21:35', 13),
(578, 32, 9, 30, NULL, '0000-00-00 00:00:00', '2009-12-21 09:21:49', 14),
(579, 32, 9, 0, NULL, '0000-00-00 00:00:00', '2010-01-02 05:04:51', 3),
(580, 1, 9, 0, NULL, '0000-00-00 00:00:00', '2009-12-21 08:31:32', 11),
(581, 18, 9, 0, NULL, '0000-00-00 00:00:00', '2009-12-21 08:31:32', 11),
(582, 25, 9, 0, NULL, '0000-00-00 00:00:00', '2009-12-21 08:31:32', 11),
(583, 26, 9, 0, NULL, '0000-00-00 00:00:00', '2009-12-21 08:31:32', 11),
(584, 1, 9, 0, NULL, '0000-00-00 00:00:00', '2009-12-21 08:32:18', 12),
(585, 18, 9, 0, NULL, '0000-00-00 00:00:00', '2009-12-21 08:32:18', 12),
(586, 25, 9, 0, NULL, '0000-00-00 00:00:00', '2009-12-21 08:32:18', 12),
(587, 26, 9, 0, NULL, '0000-00-00 00:00:00', '2009-12-21 08:32:18', 12),
(588, 1, 9, 0, NULL, '0000-00-00 00:00:00', '2009-12-21 09:21:35', 13),
(589, 25, 9, 0, NULL, '0000-00-00 00:00:00', '2009-12-21 09:21:35', 13),
(590, 26, 9, 1, NULL, '0000-00-00 00:00:00', '2009-12-21 09:21:35', 13),
(591, 1, 9, 7, NULL, '0000-00-00 00:00:00', '2009-12-21 09:21:49', 14),
(592, 25, 9, 0, NULL, '0000-00-00 00:00:00', '2009-12-21 09:21:49', 14),
(593, 26, 9, 1, NULL, '0000-00-00 00:00:00', '2009-12-21 09:21:49', 14),
(594, 1, 9, 0, NULL, '0000-00-00 00:00:00', '2010-01-02 05:04:51', 3),
(595, 25, 9, 0, NULL, '0000-00-00 00:00:00', '2010-01-02 05:04:51', 3),
(596, 26, 9, 1, NULL, '0000-00-00 00:00:00', '2010-01-02 05:04:51', 3),
(597, 1, 9, 8, NULL, '0000-00-00 00:00:00', '2010-01-02 05:04:39', 4),
(598, 25, 9, 0, NULL, '0000-00-00 00:00:00', '2010-01-02 05:04:39', 4),
(599, 26, 9, 1, NULL, '0000-00-00 00:00:00', '2010-01-02 05:04:39', 4),
(600, 1, 9, 7, NULL, '0000-00-00 00:00:00', '2010-01-02 05:04:27', 5),
(601, 25, 9, 0, NULL, '0000-00-00 00:00:00', '2010-01-02 05:04:27', 5),
(602, 26, 9, 1, NULL, '0000-00-00 00:00:00', '2010-01-02 05:04:27', 5),
(603, 1, 9, 6, NULL, '0000-00-00 00:00:00', '2010-01-11 04:12:12', 6),
(604, 18, 9, 1, NULL, '0000-00-00 00:00:00', '2010-01-11 04:12:13', 6),
(605, 25, 9, 0, NULL, '0000-00-00 00:00:00', '2010-01-11 04:12:13', 6),
(606, 26, 9, 1, NULL, '0000-00-00 00:00:00', '2010-01-11 04:12:13', 6),
(607, 2, 9, 0, NULL, '0000-00-00 00:00:00', '2009-12-21 09:21:35', 13),
(608, 2, 9, 0, NULL, '0000-00-00 00:00:00', '2009-12-21 09:21:49', 14),
(609, 2, 9, 0, NULL, '0000-00-00 00:00:00', '2010-01-02 05:04:51', 3),
(610, 2, 9, 3, NULL, '0000-00-00 00:00:00', '2010-01-02 05:04:39', 4),
(611, 2, 9, 3, NULL, '0000-00-00 00:00:00', '2010-01-02 05:04:27', 5),
(612, 2, 9, 0, NULL, '0000-00-00 00:00:00', '2010-01-11 04:12:12', 6),
(613, 4, 9, 1, NULL, '0000-00-00 00:00:00', '2010-01-02 05:04:27', 5),
(614, 3, 9, 1, NULL, '0000-00-00 00:00:00', '2010-01-11 04:12:12', 6),
(615, 4, 9, 1, NULL, '0000-00-00 00:00:00', '2010-01-11 04:12:12', 6),
(616, 5, 9, 0, NULL, '0000-00-00 00:00:00', '2010-01-11 04:12:12', 6),
(617, 8, 9, 0, NULL, '0000-00-00 00:00:00', '2009-12-21 09:21:35', 13),
(618, 8, 9, 4, NULL, '0000-00-00 00:00:00', '2009-12-21 09:21:49', 14),
(619, 8, 9, 0, NULL, '0000-00-00 00:00:00', '2010-01-02 05:04:51', 3),
(620, 8, 9, 2, NULL, '0000-00-00 00:00:00', '2010-01-02 05:04:39', 4),
(621, 8, 9, 0, NULL, '0000-00-00 00:00:00', '2010-01-02 05:04:27', 5),
(622, 8, 9, 7, NULL, '0000-00-00 00:00:00', '2010-01-11 04:12:13', 6),
(623, 9, 9, 9, NULL, '0000-00-00 00:00:00', '2009-12-21 09:21:35', 13),
(624, 9, 9, 2, NULL, '0000-00-00 00:00:00', '2010-01-02 05:04:51', 3),
(625, 10, 9, 5, NULL, '0000-00-00 00:00:00', '2010-01-02 05:04:39', 4),
(626, 10, 9, 0, NULL, '0000-00-00 00:00:00', '2010-01-02 05:04:27', 5),
(627, 10, 9, 4, NULL, '0000-00-00 00:00:00', '2010-01-11 04:12:13', 6),
(628, 9, 9, 2, NULL, '0000-00-00 00:00:00', '2010-01-11 04:12:13', 6),
(629, 9, 9, 12, NULL, '0000-00-00 00:00:00', '2010-01-02 05:04:27', 5),
(630, 22, 9, 50, NULL, '0000-00-00 00:00:00', '2009-12-21 09:21:35', 13),
(631, 22, 9, 0, NULL, '0000-00-00 00:00:00', '2009-12-21 09:21:49', 14),
(632, 22, 9, 40, NULL, '0000-00-00 00:00:00', '2010-01-02 05:04:51', 3),
(633, 22, 9, 60, NULL, '0000-00-00 00:00:00', '2010-01-02 05:04:39', 4),
(634, 30, 9, 0, NULL, '0000-00-00 00:00:00', '2009-12-21 09:21:35', 13),
(635, 30, 9, 50, NULL, '0000-00-00 00:00:00', '2009-12-21 09:21:49', 14),
(636, 30, 9, 0, NULL, '0000-00-00 00:00:00', '2010-01-02 05:04:51', 3),
(637, 30, 9, 76.2, NULL, '0000-00-00 00:00:00', '2010-01-02 05:04:39', 4),
(638, 31, 9, 0, NULL, '0000-00-00 00:00:00', '2009-12-21 09:21:35', 13),
(639, 31, 9, 29.62, NULL, '0000-00-00 00:00:00', '2009-12-21 09:21:49', 14),
(640, 31, 9, 0, NULL, '0000-00-00 00:00:00', '2010-01-02 05:04:51', 3),
(641, 31, 9, 27, NULL, '0000-00-00 00:00:00', '2010-01-02 05:04:39', 4),
(642, 33, 9, NULL, NULL, '0000-00-00 00:00:00', '2010-04-03 15:39:43', 7),
(643, 3, 9, 0, 0, '0000-00-00 00:00:00', '2010-04-04 02:44:53', 8),
(644, 9, 9, 0, 0, '0000-00-00 00:00:00', '2010-04-04 02:44:53', 8),
(645, 28, 9, 23.8, 28.5, '0000-00-00 00:00:00', '2010-04-04 02:44:53', 8),
(646, 29, 9, 50, 75, '0000-00-00 00:00:00', '2010-04-04 02:44:53', 8),
(647, 30, 9, 90, 100, '0000-00-00 00:00:00', '2010-04-04 02:44:53', 8),
(648, 31, 9, 100, 100, '0000-00-00 00:00:00', '2010-01-03 06:20:59', 8),
(649, 32, 9, 34, 39, '0000-00-00 00:00:00', '2010-04-04 02:44:53', 8),
(650, 33, 9, 120.481927710843, 200, '0000-00-00 00:00:00', '2010-04-04
02:44:53', 8),
(651, 14, 9, 1, 2, '0000-00-00 00:00:00', '2010-04-04 02:43:19', 8),
(652, 15, 9, 872, 600, '0000-00-00 00:00:00', '2010-04-04 02:43:19', 8),
(653, 16, 9, 60, 60, '0000-00-00 00:00:00', '2010-04-04 02:43:19', 8),
(654, 18, 9, 0, 0, '0000-00-00 00:00:00', '2010-04-04 02:43:19', 8),
(655, 6, 9, -1182, 8370, '0000-00-00 00:00:00', '2010-04-04 02:43:19', 8),
(656, 7, 9, 0, 0.4, '0000-00-00 00:00:00', '2010-04-04 02:43:19', 8),
(657, 2, 6, 0, 0, '0000-00-00 00:00:00', '2010-01-05 05:19:59', 8),
(658, 3, 6, 0, 0, '0000-00-00 00:00:00', '2010-01-05 05:19:59', 8),
(659, 4, 6, 0, 0, '0000-00-00 00:00:00', '2010-01-05 05:19:59', 8),
(660, 5, 6, 2, 1, '0000-00-00 00:00:00', '2010-01-05 05:19:59', 8),
(661, 8, 6, 2, 8, '0000-00-00 00:00:00', '2010-01-05 05:19:59', 8),
(662, 9, 6, 0, 0, '0000-00-00 00:00:00', '2010-01-05 05:19:59', 8),
(663, 10, 6, 3, 4, '0000-00-00 00:00:00', '2010-01-05 05:19:59', 8),
(664, 12, 6, 0, 0, '0000-00-00 00:00:00', '2010-01-05 05:19:59', 8),
(665, 13, 6, 0, 0, '0000-00-00 00:00:00', '2010-01-05 05:19:59', 8),
(666, 14, 6, 0, 1, '0000-00-00 00:00:00', '2010-01-05 05:19:59', 8),
(667, 18, 6, 0, 0, '0000-00-00 00:00:00', '2010-01-05 05:19:59', 8),
(668, 19, 6, 0, 0, '0000-00-00 00:00:00', '2010-01-05 05:19:59', 8),
(669, 20, 6, 1, 0, '0000-00-00 00:00:00', '2010-01-05 05:19:59', 8),
(670, 21, 6, 0, 1, '0000-00-00 00:00:00', '2010-01-05 05:19:59', 8),
(671, 22, 6, 50, 70, '0000-00-00 00:00:00', '2010-01-05 05:19:59', 8),
(672, 23, 6, 100, 100, '0000-00-00 00:00:00', '2010-01-05 05:19:59', 8),
(673, 25, 6, 0, 0, '0000-00-00 00:00:00', '2010-01-05 05:19:59', 8),
(674, 26, 6, 1, 0, '0000-00-00 00:00:00', '2010-01-05 05:19:59', 8),
(675, 31, 6, 100, 100, '0000-00-00 00:00:00', '2010-01-05 05:19:59', 8),
(676, 32, 6, 21, 21, '0000-00-00 00:00:00', '2010-01-05 05:19:59', 8),
(677, 33, 6, 208.333333333333, 833.333333333333, '0000-00-00 00:00:00',
'2010-01-05 05:19:59', 8),
(678, 11, 6, 0, 0, '0000-00-00 00:00:00', '2010-01-05 05:19:59', 8),
(679, 20, 6, NULL, 0, '0000-00-00 00:00:00', '2009-12-23 13:38:27', 7),
(680, 23, 6, NULL, 100, '0000-00-00 00:00:00', '2009-12-23 13:38:27', 7),
(681, 33, 6, NULL, NULL, '0000-00-00 00:00:00', '2009-12-23 13:38:27', 7),
(682, 28, 6, 25, NULL, '0000-00-00 00:00:00', '2010-01-04 11:56:46', 8),
(683, 29, 6, 66, NULL, '0000-00-00 00:00:00', '2010-01-04 11:56:46', 8),
(684, 30, 6, 91.6, NULL, '0000-00-00 00:00:00', '2010-01-04 11:56:46', 8),
(685, 4, 2, 1, NULL, '0000-00-00 00:00:00', '2009-12-25 12:58:39', 13),
(686, 10, 2, 1, NULL, '0000-00-00 00:00:00', '2009-12-25 12:58:39', 13),
(687, 4, 2, 0, NULL, '0000-00-00 00:00:00', '2009-12-25 13:05:01', 14),
(688, 4, 2, 1, NULL, '0000-00-00 00:00:00', '2009-12-25 13:05:22', 3),
(689, 4, 2, 0, NULL, '0000-00-00 00:00:00', '2009-12-25 13:06:10', 4),
(690, 4, 2, 0, NULL, '0000-00-00 00:00:00', '2009-12-25 13:08:24', 5),
(691, 10, 2, 2, NULL, '0000-00-00 00:00:00', '2009-12-25 13:05:01', 14),
(692, 10, 2, 0, NULL, '0000-00-00 00:00:00', '2009-12-25 13:05:22', 3),
(693, 10, 2, 4, NULL, '0000-00-00 00:00:00', '2009-12-25 13:06:10', 4),
(694, 10, 2, 0, NULL, '0000-00-00 00:00:00', '2009-12-25 13:08:24', 5),
(695, 6, 2, 97799, NULL, '0000-00-00 00:00:00', '2009-12-25 13:14:51', 13),
(696, 6, 2, 71395.58, NULL, '0000-00-00 00:00:00', '2009-12-25 13:15:09',
14),
(697, 6, 2, 81377.21, NULL, '0000-00-00 00:00:00', '2009-12-25 13:15:29',
3),
(698, 6, 2, 119008, NULL, '0000-00-00 00:00:00', '2009-12-25 13:15:53', 4),
(699, 6, 2, 59171.91, NULL, '0000-00-00 00:00:00', '2009-12-25 13:16:11',
5),
(700, 6, 2, 73000, NULL, '0000-00-00 00:00:00', '2009-12-25 13:16:41', 6),
(701, 12, 2, 0, NULL, '0000-00-00 00:00:00', '2009-12-25 13:50:21', 11),
(702, 19, 2, 0, NULL, '0000-00-00 00:00:00', '2009-12-25 13:50:21', 11),
(703, 21, 2, 0, NULL, '0000-00-00 00:00:00', '2009-12-25 13:50:21', 11),
(704, 12, 2, 0, NULL, '0000-00-00 00:00:00', '2009-12-25 13:50:34', 13),
(705, 19, 2, 0, NULL, '0000-00-00 00:00:00', '2009-12-25 13:50:34', 13),
(706, 21, 2, 0, NULL, '0000-00-00 00:00:00', '2009-12-25 13:50:34', 13),
(707, 12, 2, 0, NULL, '0000-00-00 00:00:00', '2009-12-25 13:50:55', 14),
(708, 19, 2, 0, NULL, '0000-00-00 00:00:00', '2009-12-25 13:50:55', 14),
(709, 21, 2, 0, NULL, '0000-00-00 00:00:00', '2009-12-25 13:50:55', 14),
(710, 12, 2, 0, NULL, '0000-00-00 00:00:00', '2009-12-25 13:51:09', 3),
(711, 19, 2, 0, NULL, '0000-00-00 00:00:00', '2009-12-25 13:51:09', 3),
(712, 21, 2, 0, NULL, '0000-00-00 00:00:00', '2009-12-25 13:51:09', 3),
(713, 12, 2, 0, NULL, '0000-00-00 00:00:00', '2009-12-25 13:51:19', 4),
(714, 19, 2, 0, NULL, '0000-00-00 00:00:00', '2009-12-25 13:51:19', 4),
(715, 21, 2, 0, NULL, '0000-00-00 00:00:00', '2009-12-25 13:51:19', 4),
(716, 12, 2, 0, NULL, '0000-00-00 00:00:00', '2009-12-25 13:51:31', 5),
(717, 19, 2, 0, NULL, '0000-00-00 00:00:00', '2009-12-25 13:51:31', 5),
(718, 21, 2, 0, NULL, '0000-00-00 00:00:00', '2009-12-25 13:51:31', 5),
(719, 12, 2, 0, NULL, '0000-00-00 00:00:00', '2009-12-25 13:51:47', 6),
(720, 19, 2, 0, NULL, '0000-00-00 00:00:00', '2009-12-25 13:51:47', 6),
(721, 21, 2, 0, NULL, '0000-00-00 00:00:00', '2009-12-25 13:51:47', 6),
(722, 12, 2, 0, 0, '0000-00-00 00:00:00', '2010-03-29 08:04:25', 9),
(723, 19, 2, 0, 0, '0000-00-00 00:00:00', '2010-03-29 08:04:25', 9),
(724, 21, 2, 0, 0, '0000-00-00 00:00:00', '2010-03-29 08:04:25', 9),
(725, 5, 2, 1, NULL, '0000-00-00 00:00:00', '2009-12-25 14:48:20', 13),
(726, 5, 2, 0, NULL, '0000-00-00 00:00:00', '2009-12-25 14:48:28', 14),
(727, 5, 2, 2, NULL, '0000-00-00 00:00:00', '2009-12-25 14:05:32', 3),
(728, 5, 2, 3, NULL, '0000-00-00 00:00:00', '2009-12-25 14:05:47', 4),
(729, 5, 2, 1, NULL, '0000-00-00 00:00:00', '2009-12-25 14:06:01', 5),
(730, 8, 2, 8, NULL, '0000-00-00 00:00:00', '2009-12-25 14:48:20', 13),
(731, 8, 2, 8, NULL, '0000-00-00 00:00:00', '2009-12-25 14:48:28', 14),
(732, 9, 2, 9, NULL, '0000-00-00 00:00:00', '2009-12-25 15:04:04', 14),
(733, 3, 2, 26, NULL, '0000-00-00 00:00:00', '2009-12-25 15:04:47', 4),
(734, 32, 2, 15, NULL, '0000-00-00 00:00:00', '2009-12-25 15:04:47', 4),
(735, 33, 2, NULL, NULL, '0000-00-00 00:00:00', '2009-12-25 15:04:47', 4),
(736, 33, 2, 69.9300699300699, NULL, '0000-00-00 00:00:00', '2009-12-25
15:03:29', 13),
(737, 33, 2, 50, NULL, '0000-00-00 00:00:00', '2009-12-25 15:04:04', 14),
(738, 33, 2, NULL, NULL, '0000-00-00 00:00:00', '2009-12-25 15:04:27', 3),
(739, 1, 2, 9, 8, '0000-00-00 00:00:00', '2009-12-25 15:20:20', 6),
(740, 2, 2, 0, 0, '0000-00-00 00:00:00', '2009-12-25 15:20:20', 6),
(741, 5, 2, 1, 2, '0000-00-00 00:00:00', '2009-12-25 15:20:20', 6),
(742, 8, 2, 6, 5, '0000-00-00 00:00:00', '2009-12-25 15:20:20', 6),
(743, 4, 2, 1, 1, '0000-00-00 00:00:00', '2009-12-25 15:17:04', 6),
(744, 10, 2, 1, 2, '0000-00-00 00:00:00', '2009-12-25 15:17:04', 6),
(745, 4, 2, 0, 2, '0000-00-00 00:00:00', '2010-03-29 08:05:24', 9),
(746, 10, 2, 0, 3, '0000-00-00 00:00:00', '2010-03-29 08:05:24', 9),
(747, 22, 2, NULL, 100, '0000-00-00 00:00:00', '2010-06-30 12:03:19', 7),
(748, 27, 2, NULL, 0, '0000-00-00 00:00:00', '2010-06-30 12:03:19', 7),
(749, 33, 2, 100, NULL, '0000-00-00 00:00:00', '2010-01-06 09:21:47', 7),
(750, 4, 2, 2, 2, '0000-00-00 00:00:00', '2010-03-28 00:44:53', 8),
(751, 10, 2, 0, 2, '0000-00-00 00:00:00', '2010-03-28 00:44:53', 8),
(752, 13, 2, 0, NULL, '0000-00-00 00:00:00', '2009-12-25 15:25:05', 6),
(753, 25, 2, 0, NULL, '0000-00-00 00:00:00', '2009-12-25 15:25:05', 6),
(754, 26, 2, 0, NULL, '0000-00-00 00:00:00', '2009-12-25 15:25:05', 6),
(755, 20, 10, 80, 80, '0000-00-00 00:00:00', '2010-01-03 11:44:58', 7),
(756, 23, 10, 100, 100, '0000-00-00 00:00:00', '2010-01-03 11:44:59', 7),
(757, 27, 10, 13, 13, '0000-00-00 00:00:00', '2010-01-03 11:44:59', 7),
(758, 32, 10, 15, 15, '0000-00-00 00:00:00', '2010-01-03 11:44:59', 7),
(759, 33, 10, 153.846153846154, 133.333333333333, '0000-00-00 00:00:00',
'2010-01-03 11:44:59', 7),
(760, 22, 10, NULL, 0, '0000-00-00 00:00:00', '2010-01-03 11:06:25', 7),
(761, 30, 10, 0, 0, '0000-00-00 00:00:00', '2010-01-03 11:44:59', 7),
(762, 4, 3, 13, 15, '0000-00-00 00:00:00', '2010-04-05 15:18:15', 9),
(763, 10, 3, 18, 8, '0000-00-00 00:00:00', '2010-04-05 15:18:15', 9),
(764, 11, 3, NULL, 69, '0000-00-00 00:00:00', '2010-02-10 11:22:50', 9),
(765, 17, 3, NULL, 0, '0000-00-00 00:00:00', '2010-02-10 11:22:50', 9),
(766, 4, 3, NULL, 10, '0000-00-00 00:00:00', '2010-06-27 05:39:30', 10),
(767, 10, 3, NULL, 13, '0000-00-00 00:00:00', '2010-06-27 05:39:30', 10),
(768, 11, 3, NULL, 69, '0000-00-00 00:00:00', '2009-12-27 08:36:36', 10),
(769, 17, 3, NULL, 0, '0000-00-00 00:00:00', '2009-12-27 08:36:36', 10),
(770, 18, 7, 0, 0, '0000-00-00 00:00:00', '2010-01-09 10:15:07', 8),
(771, 25, 7, 1, 1, '0000-00-00 00:00:00', '2010-03-27 05:25:30', 8),
(772, 26, 7, 1, 1, '0000-00-00 00:00:00', '2010-03-27 05:25:30', 8),
(773, 13, 7, 0, 0, '0000-00-00 00:00:00', '2010-01-09 10:15:07', 8),
(774, 23, 7, 100, 100, '0000-00-00 00:00:00', '2010-01-09 10:15:07', 8),
(775, 27, 7, 0.075, 1, '0000-00-00 00:00:00', '2010-03-27 05:25:30', 8),
(776, 12, 7, 35000, NULL, '0000-00-00 00:00:00', '2009-12-28 10:25:15', 8),
(777, 21, 7, 2, NULL, '0000-00-00 00:00:00', '2009-12-28 10:25:15', 8),
(778, 19, 7, 100, NULL, '0000-00-00 00:00:00', '2009-12-28 10:25:15', 8),
(779, 14, 7, 0, NULL, '0000-00-00 00:00:00', '2009-12-28 10:25:15', 8),
(780, 15, 7, 0, NULL, '0000-00-00 00:00:00', '2009-12-28 10:25:15', 8),
(781, 16, 7, 0, NULL, '0000-00-00 00:00:00', '2009-12-28 10:25:15', 8),
(782, 22, 7, 58, 100, '0000-00-00 00:00:00', '2010-03-27 05:25:30', 8),
(783, 22, 7, 58, 100, '0000-00-00 00:00:00', '2010-03-30 11:50:28', 7),
(784, 23, 7, 100, 100, '0000-00-00 00:00:00', '2010-01-09 10:12:42', 7),
(785, 27, 7, NULL, 0.075, '0000-00-00 00:00:00', '2009-12-28 10:11:47', 7),
(786, 1, 7, 6, 7, '0000-00-00 00:00:00', '2010-01-09 10:15:07', 8),
(787, 2, 7, 0, 0, '0000-00-00 00:00:00', '2010-01-09 10:15:07', 8),
(788, 5, 7, 2, 5, '0000-00-00 00:00:00', '2010-01-09 10:15:07', 8),
(789, 8, 7, 13, 15, '0000-00-00 00:00:00', '2010-01-09 10:15:07', 8),
(790, 3, 7, 0, 0, '0000-00-00 00:00:00', '2010-01-09 10:15:07', 8),
(791, 4, 7, 1, 8, '0000-00-00 00:00:00', '2010-01-09 10:15:07', 8),
(792, 10, 7, 6, 28, '0000-00-00 00:00:00', '2010-01-09 10:15:07', 8),
(793, 28, 7, 23, 23, '0000-00-00 00:00:00', '2010-03-30 11:50:28', 7),
(794, 33, 7, NULL, NULL, '0000-00-00 00:00:00', '2010-03-30 11:50:28', 7),
(795, 9, 7, 7, 5, '0000-00-00 00:00:00', '2010-01-09 10:15:07', 8),
(796, 28, 7, 33, 33, '0000-00-00 00:00:00', '2010-01-09 10:15:07', 8),
(797, 29, 7, 67, 70, '0000-00-00 00:00:00', '2010-01-09 10:15:07', 8),
(798, 30, 7, 100, 100, '0000-00-00 00:00:00', '2010-01-09 10:15:07', 8),
(799, 31, 7, 100, 100, '0000-00-00 00:00:00', '2010-01-09 10:15:07', 8),
(800, 33, 7, 153.846153846154, 285.714285714286, '0000-00-00 00:00:00',
'2010-01-09 10:15:07', 8),
(801, 32, 7, 40, 43, '0000-00-00 00:00:00', '2010-01-09 10:15:07', 8),
(802, 6, 7, 452690, 661920, '0000-00-00 00:00:00', '2010-01-09 10:15:07',
8),
(803, 7, 7, 6.9, 10, '0000-00-00 00:00:00', '2010-01-09 10:15:07', 8),
(804, 14, 3, 6, 20, '0000-00-00 00:00:00', '2010-04-05 15:18:15', 9),
(805, 15, 3, 7289, 8540, '0000-00-00 00:00:00', '2010-04-05 15:18:15', 9),
(806, 19, 9, 100, 100, '0000-00-00 00:00:00', '2010-04-04 02:43:19', 8),
(807, 21, 9, 3, 3, '0000-00-00 00:00:00', '2010-04-04 02:43:19', 8),
(808, 17, 4, 1, 1, '0000-00-00 00:00:00', '2010-01-02 00:04:46', 7),
(809, 4, 4, 2, 4, '0000-00-00 00:00:00', '2010-03-29 08:02:26', 8);
INSERT INTO `detail_tracking` (`id`, `kpi`, `lc`, `actual`, `target`,
`created`, `updated`, `quarter`) VALUES
(810, 10, 4, 0, 2, '0000-00-00 00:00:00', '2010-03-29 08:02:26', 8),
(811, 11, 4, 100, 100, '0000-00-00 00:00:00', '2010-01-04 13:12:45', 8),
(812, 17, 4, 1, 1, '0000-00-00 00:00:00', '2010-01-04 13:12:45', 8),
(813, 4, 4, 3, 1, '0000-00-00 00:00:00', '2010-03-29 08:07:45', 9),
(814, 10, 4, 3, 4, '0000-00-00 00:00:00', '2010-03-29 08:07:45', 9),
(815, 11, 4, NULL, 100, '0000-00-00 00:00:00', '2010-01-02 00:02:42', 9),
(816, 17, 4, NULL, 1, '0000-00-00 00:00:00', '2010-01-02 00:02:42', 9),
(817, 13, 9, 0, NULL, '0000-00-00 00:00:00', '2010-01-02 05:04:51', 3),
(818, 11, 9, 62.5, NULL, '0000-00-00 00:00:00', '2010-01-02 05:04:51', 3),
(819, 12, 9, 0, NULL, '0000-00-00 00:00:00', '2010-01-02 04:59:31', 3),
(820, 19, 9, 200, NULL, '0000-00-00 00:00:00', '2010-01-02 05:04:51', 3),
(821, 20, 9, 20, NULL, '0000-00-00 00:00:00', '2010-01-02 05:04:51', 3),
(822, 23, 9, 100, NULL, '0000-00-00 00:00:00', '2010-01-02 05:04:51', 3),
(823, 27, 9, 0, NULL, '0000-00-00 00:00:00', '2010-01-02 05:04:51', 3),
(824, 11, 9, 100, NULL, '0000-00-00 00:00:00', '2010-01-02 05:04:39', 4),
(825, 12, 9, 0, NULL, '0000-00-00 00:00:00', '2010-01-02 05:02:32', 4),
(826, 13, 9, 0, NULL, '0000-00-00 00:00:00', '2010-01-02 05:04:39', 4),
(827, 19, 9, 87.5, NULL, '0000-00-00 00:00:00', '2010-01-02 05:04:39', 4),
(828, 20, 9, 20, NULL, '0000-00-00 00:00:00', '2010-01-02 05:04:39', 4),
(829, 23, 9, 100, NULL, '0000-00-00 00:00:00', '2010-01-02 05:04:39', 4),
(830, 27, 9, 2.7, NULL, '0000-00-00 00:00:00', '2010-01-02 05:04:39', 4),
(831, 11, 9, 80, NULL, '0000-00-00 00:00:00', '2010-01-02 05:04:27', 5),
(832, 12, 9, 0, NULL, '0000-00-00 00:00:00', '2010-01-02 05:04:27', 5),
(833, 13, 9, 0, NULL, '0000-00-00 00:00:00', '2010-01-02 05:04:27', 5),
(834, 19, 9, 100, NULL, '0000-00-00 00:00:00', '2010-01-02 05:04:27', 5),
(835, 20, 9, 24, NULL, '0000-00-00 00:00:00', '2010-01-02 05:04:27', 5),
(836, 23, 9, 100, NULL, '0000-00-00 00:00:00', '2010-01-02 05:04:27', 5),
(837, 27, 9, 2.9, NULL, '0000-00-00 00:00:00', '2010-01-02 05:04:27', 5),
(838, 9, 2, 12, 12, '0000-00-00 00:00:00', '2010-04-06 11:04:09', 9),
(839, 28, 2, 50, 100, '0000-00-00 00:00:00', '2010-04-06 11:04:09', 9),
(840, 29, 2, 70, 90, '0000-00-00 00:00:00', '2010-04-06 11:04:09', 9),
(841, 30, 2, 100, 80, '0000-00-00 00:00:00', '2010-04-06 11:04:09', 9),
(842, 31, 2, NULL, 100, '0000-00-00 00:00:00', '2010-01-02 07:21:48', 9),
(843, 32, 2, 19, 21, '0000-00-00 00:00:00', '2010-04-06 11:04:09', 9),
(844, 33, 2, 18000.000018, 125, '0000-00-00 00:00:00', '2010-04-06
11:04:09', 9),
(845, 1, 4, 0.8, 0, '0000-00-00 00:00:00', '2010-04-01 03:56:20', 8),
(846, 2, 4, 0, 0, '0000-00-00 00:00:00', '2010-04-01 03:56:20', 8),
(847, 5, 4, 0, 8, '0000-00-00 00:00:00', '2010-04-07 04:36:25', 8),
(848, 8, 4, 1, 12, '0000-00-00 00:00:00', '2010-04-07 04:36:25', 8),
(849, 12, 9, 10000, 30000, '0000-00-00 00:00:00', '2010-04-04 02:43:19', 8),
(850, 12, 3, 1802850, 2106300, '0000-00-00 00:00:00', '2010-04-05 15:18:15',
9),
(851, 21, 3, 11, 16, '0000-00-00 00:00:00', '2010-04-05 15:18:15', 9),
(852, 18, 4, 0, NULL, '0000-00-00 00:00:00', '2010-01-04 13:12:45', 8),
(853, 19, 4, 0, NULL, '0000-00-00 00:00:00', '2010-01-04 13:12:45', 8),
(854, 21, 4, 0, NULL, '0000-00-00 00:00:00', '2010-01-04 13:12:45', 8),
(855, 25, 4, 1, NULL, '0000-00-00 00:00:00', '2010-01-04 13:12:45', 8),
(856, 26, 4, 1, NULL, '0000-00-00 00:00:00', '2010-01-04 13:12:45', 8),
(857, 14, 4, 2, NULL, '0000-00-00 00:00:00', '2010-01-04 13:12:45', 8),
(858, 20, 4, 22, NULL, '0000-00-00 00:00:00', '2010-01-04 13:12:45', 8),
(859, 3, 4, 4, NULL, '0000-00-00 00:00:00', '2010-04-01 03:56:20', 8),
(860, 9, 4, 4, NULL, '0000-00-00 00:00:00', '2010-04-01 03:56:20', 8),
(861, 29, 4, 72.22, NULL, '0000-00-00 00:00:00', '2010-04-01 03:56:20', 8),
(862, 30, 4, 81.82, NULL, '0000-00-00 00:00:00', '2010-04-01 03:56:20', 8),
(863, 31, 4, 33, NULL, '0000-00-00 00:00:00', '2010-01-04 13:12:45', 8),
(864, 32, 4, 29, NULL, '0000-00-00 00:00:00', '2010-04-01 03:56:20', 8),
(865, 33, 4, 238.095238095238, NULL, '0000-00-00 00:00:00', '2010-04-01
03:55:02', 8),
(866, 12, 4, 0, 40000, '0000-00-00 00:00:00', '2010-04-05 12:15:57', 8),
(867, 13, 4, 0, NULL, '0000-00-00 00:00:00', '2010-01-04 13:12:45', 8),
(868, 23, 4, 100, NULL, '0000-00-00 00:00:00', '2010-01-04 13:12:45', 8),
(869, 24, 4, 100, NULL, '0000-00-00 00:00:00', '2010-01-04 13:12:45', 8),
(870, 2, 8, 0, 1, '0000-00-00 00:00:00', '2010-04-07 09:24:23', 8),
(871, 5, 8, 1, 4, '0000-00-00 00:00:00', '2010-04-05 03:06:48', 8),
(872, 8, 8, 4, 7, '0000-00-00 00:00:00', '2010-04-05 03:06:48', 8),
(873, 15, 8, 1719, NULL, '0000-00-00 00:00:00', '2010-04-05 03:06:48', 8),
(874, 18, 8, 0, 0, '0000-00-00 00:00:00', '2010-04-05 03:06:48', 8),
(875, 24, 10, 100, 100, '0000-00-00 00:00:00', '2010-01-03 11:44:59', 7),
(876, 1, 10, 0, 0, '0000-00-00 00:00:00', '2010-01-03 11:40:03', 8),
(877, 2, 10, 1, 1, '0000-00-00 00:00:00', '2010-01-03 11:40:03', 8),
(878, 3, 10, 2, 2, '0000-00-00 00:00:00', '2010-01-03 11:40:03', 8),
(879, 4, 10, 1, 3, '0000-00-00 00:00:00', '2010-01-03 11:40:03', 8),
(880, 5, 10, 0, 2, '0000-00-00 00:00:00', '2010-01-03 11:40:03', 8),
(881, 6, 10, 70000, 0, '0000-00-00 00:00:00', '2010-01-03 11:40:03', 8),
(882, 7, 10, 0, 0, '0000-00-00 00:00:00', '2010-01-03 11:40:03', 8),
(883, 8, 10, 11, 10, '0000-00-00 00:00:00', '2010-01-03 11:40:03', 8),
(884, 9, 10, 1, 1, '0000-00-00 00:00:00', '2010-01-03 11:40:03', 8),
(885, 10, 10, 2, 6, '0000-00-00 00:00:00', '2010-01-03 11:40:03', 8),
(886, 11, 10, NULL, 0, '0000-00-00 00:00:00', '2010-01-03 11:24:42', 8),
(887, 12, 10, 0, 20000, '0000-00-00 00:00:00', '2010-01-03 11:40:03', 8),
(888, 13, 10, 0, 0, '0000-00-00 00:00:00', '2010-01-03 11:40:03', 8),
(889, 14, 10, 0, 0, '0000-00-00 00:00:00', '2010-01-03 11:40:03', 8),
(890, 15, 10, 0, 0, '0000-00-00 00:00:00', '2010-01-03 11:40:03', 8),
(891, 16, 10, 0, 0, '0000-00-00 00:00:00', '2010-01-03 11:40:04', 8),
(892, 17, 10, 0, 0, '0000-00-00 00:00:00', '2010-01-03 11:40:04', 8),
(893, 18, 10, 0, 0, '0000-00-00 00:00:00', '2010-01-03 11:40:04', 8),
(894, 19, 10, 100, 100, '0000-00-00 00:00:00', '2010-01-03 11:40:04', 8),
(895, 20, 10, 80, 80, '0000-00-00 00:00:00', '2010-01-03 11:40:04', 8),
(896, 21, 10, 0, 1, '0000-00-00 00:00:00', '2010-01-03 11:40:04', 8),
(897, 22, 10, 0, 0, '0000-00-00 00:00:00', '2010-01-03 11:40:04', 8),
(898, 23, 10, 100, 100, '0000-00-00 00:00:00', '2010-01-03 11:40:04', 8),
(899, 24, 10, 100, 100, '0000-00-00 00:00:00', '2010-01-03 11:40:04', 8),
(900, 25, 10, 1, 1, '0000-00-00 00:00:00', '2010-01-03 11:40:04', 8),
(901, 26, 10, 1, 1, '0000-00-00 00:00:00', '2010-01-03 11:40:04', 8),
(902, 27, 10, 12, 0, '0000-00-00 00:00:00', '2010-01-03 11:40:04', 8),
(903, 28, 10, 0, 0, '0000-00-00 00:00:00', '2010-01-03 11:40:04', 8),
(904, 29, 10, 10, 10, '0000-00-00 00:00:00', '2010-01-03 11:40:04', 8),
(905, 30, 10, 0, 0, '0000-00-00 00:00:00', '2010-01-03 11:40:04', 8),
(906, 31, 10, 100, 100, '0000-00-00 00:00:00', '2010-01-03 11:40:04', 8),
(907, 32, 10, 33, 35, '0000-00-00 00:00:00', '2010-01-03 11:40:04', 8),
(908, 33, 10, NULL, NULL, '0000-00-00 00:00:00', '2010-01-03 11:40:04', 8),
(909, 3, 8, 4, 0, '0000-00-00 00:00:00', '2010-04-07 09:24:23', 8),
(910, 9, 8, 1, 1, '0000-00-00 00:00:00', '2010-04-07 09:24:23', 8),
(911, 28, 8, 30.43, NULL, '0000-00-00 00:00:00', '2010-04-07 09:24:23', 8),
(912, 29, 8, 50, NULL, '0000-00-00 00:00:00', '2010-04-07 09:24:23', 8),
(913, 30, 8, 73.68, NULL, '0000-00-00 00:00:00', '2010-04-07 09:24:23', 8),
(914, 31, 8, 100, 100, '0000-00-00 00:00:00', '2010-01-08 02:33:35', 8),
(915, 32, 8, 37, 37, '0000-00-00 00:00:00', '2010-04-07 09:24:23', 8),
(916, 33, 8, 136.986301369863, NULL, '0000-00-00 00:00:00', '2010-04-07
09:24:23', 8),
(917, 4, 8, 6, 2, '0000-00-00 00:00:00', '2010-04-05 03:06:48', 8),
(918, 10, 8, 6, 5, '0000-00-00 00:00:00', '2010-04-05 03:06:48', 8),
(919, 11, 8, 50, NULL, '0000-00-00 00:00:00', '2010-01-08 02:33:34', 8),
(920, 17, 8, 10, NULL, '0000-00-00 00:00:00', '2010-01-08 02:33:34', 8),
(921, 6, 6, 63596, 65000, '0000-00-00 00:00:00', '2010-01-05 05:19:59', 8),
(922, 7, 6, 5, 5, '0000-00-00 00:00:00', '2010-01-05 05:19:59', 8),
(923, 27, 4, 3.33, NULL, '0000-00-00 00:00:00', '2010-01-04 13:12:45', 8),
(924, 22, 4, 47, NULL, '0000-00-00 00:00:00', '2010-01-04 13:12:45', 8),
(925, 1, 3, 0, NULL, '0000-00-00 00:00:00', '2010-01-09 10:33:28', 8),
(926, 3, 3, 21, 20, '0000-00-00 00:00:00', '2010-04-05 15:18:15', 9),
(927, 9, 3, 1.3, 1.3, '0000-00-00 00:00:00', '2010-04-05 15:18:15', 9),
(928, 30, 3, 95, 90, '0000-00-00 00:00:00', '2010-04-05 15:18:15', 9),
(929, 31, 3, NULL, 100, '0000-00-00 00:00:00', '2010-02-10 11:22:50', 9),
(930, 32, 3, 61, 62, '0000-00-00 00:00:00', '2010-04-05 15:18:15', 9),
(931, 33, 3, 285.714285714286, 151.515151515152, '0000-00-00 00:00:00',
'2010-04-05 15:18:15', 9),
(932, 13, 8, 0, 0, '0000-00-00 00:00:00', '2010-01-08 02:33:34', 8),
(933, 25, 8, 0, 0, '0000-00-00 00:00:00', '2010-01-08 02:33:34', 8),
(934, 26, 8, 1, 1, '0000-00-00 00:00:00', '2010-01-08 02:33:34', 8),
(935, 1, 8, 6, NULL, '0000-00-00 00:00:00', '2010-04-07 09:24:23', 8),
(936, 6, 4, 147116.61, 165640, '0000-00-00 00:00:00', '2010-04-06 00:43:24',
8),
(937, 7, 4, 5.81, 6.54, '0000-00-00 00:00:00', '2010-04-06 00:43:24', 8),
(938, 20, 8, 110, NULL, '0000-00-00 00:00:00', '2010-04-05 03:06:48', 8),
(939, 22, 8, 57.9, 100, '0000-00-00 00:00:00', '2010-04-05 03:06:48', 8),
(940, 23, 8, 100, 100, '0000-00-00 00:00:00', '2010-01-08 02:33:34', 8),
(941, 24, 8, 0, NULL, '0000-00-00 00:00:00', '2010-01-08 02:33:34', 8),
(942, 27, 8, 2.7, NULL, '0000-00-00 00:00:00', '2010-04-05 03:06:48', 8),
(943, 6, 4, 97717.52, 174006, '0000-00-00 00:00:00', '2010-04-26 10:26:04',
9),
(944, 7, 4, 4.67, 6.87, '0000-00-00 00:00:00', '2010-04-26 10:26:04', 9),
(945, 6, 4, NULL, 194033, '0000-00-00 00:00:00', '2010-04-06 00:43:03', 10),
(946, 7, 4, NULL, 7.66, '0000-00-00 00:00:00', '2010-04-06 00:43:03', 10),
(947, 4, 8, 2, 2, '0000-00-00 00:00:00', '2010-03-30 07:57:10', 9),
(948, 10, 8, 0, 2, '0000-00-00 00:00:00', '2010-03-30 07:57:10', 9),
(949, 4, 8, NULL, 4, '0000-00-00 00:00:00', '2010-01-06 03:51:13', 10),
(950, 10, 8, NULL, 3, '0000-00-00 00:00:00', '2010-01-06 03:51:13', 10),
(951, 5, 8, 2, 6, '0000-00-00 00:00:00', '2010-03-30 03:16:31', 9),
(952, 8, 8, 11, 0, '0000-00-00 00:00:00', '2010-03-30 03:16:31', 9),
(953, 5, 8, NULL, 4, '0000-00-00 00:00:00', '2010-01-06 04:02:32', 10),
(954, 8, 8, NULL, 15, '0000-00-00 00:00:00', '2010-01-06 04:02:32', 10),
(955, 2, 8, NULL, 0, '0000-00-00 00:00:00', '2010-01-06 04:02:25', 9),
(956, 2, 8, NULL, 2, '0000-00-00 00:00:00', '2010-01-06 04:02:32', 10),
(957, 3, 8, 9, 4, '0000-00-00 00:00:00', '2010-04-06 14:57:42', 9),
(958, 9, 8, NULL, 1, '0000-00-00 00:00:00', '2010-01-06 04:07:34', 9),
(959, 31, 8, NULL, 100, '0000-00-00 00:00:00', '2010-01-06 04:07:34', 9),
(960, 32, 8, 35, 44, '0000-00-00 00:00:00', '2010-04-06 14:57:42', 9),
(961, 3, 8, NULL, 11, '0000-00-00 00:00:00', '2010-01-06 04:08:33', 10),
(962, 9, 8, NULL, 1, '0000-00-00 00:00:00', '2010-01-06 04:08:33', 10),
(963, 31, 8, NULL, 100, '0000-00-00 00:00:00', '2010-01-06 04:08:33', 10),
(964, 32, 8, NULL, 35, '0000-00-00 00:00:00', '2010-01-06 04:08:33', 10),
(965, 14, 8, NULL, 1, '0000-00-00 00:00:00', '2010-01-06 04:10:19', 8),
(966, 14, 8, NULL, 1, '0000-00-00 00:00:00', '2010-01-06 04:10:23', 9),
(967, 18, 8, 0, 0, '0000-00-00 00:00:00', '2010-03-30 03:16:31', 9),
(968, 14, 8, NULL, 1, '0000-00-00 00:00:00', '2010-01-06 04:10:29', 10),
(969, 18, 8, NULL, 0, '0000-00-00 00:00:00', '2010-01-06 04:10:29', 10),
(970, 13, 8, NULL, 0, '0000-00-00 00:00:00', '2010-01-06 04:11:07', 10),
(971, 22, 8, NULL, 100, '0000-00-00 00:00:00', '2010-01-06 04:11:07', 10),
(972, 23, 8, NULL, 100, '0000-00-00 00:00:00', '2010-01-06 04:11:07', 10),
(973, 25, 8, NULL, 0, '0000-00-00 00:00:00', '2010-01-06 04:11:07', 10),
(974, 26, 8, NULL, 1, '0000-00-00 00:00:00', '2010-01-06 04:11:07', 10),
(975, 22, 8, NULL, 100, '0000-00-00 00:00:00', '2010-03-30 02:58:12', 7),
(976, 23, 8, NULL, 100, '0000-00-00 00:00:00', '2010-01-06 04:11:27', 7),
(977, 13, 8, NULL, 0, '0000-00-00 00:00:00', '2010-01-06 04:12:33', 9),
(978, 23, 8, NULL, 100, '0000-00-00 00:00:00', '2010-01-06 04:12:33', 9),
(979, 24, 8, NULL, 100, '0000-00-00 00:00:00', '2010-01-06 04:12:33', 9),
(980, 25, 8, 1, 0, '0000-00-00 00:00:00', '2010-03-30 03:16:31', 9),
(981, 26, 8, 1, 1, '0000-00-00 00:00:00', '2010-03-30 03:16:31', 9),
(982, 14, 1, 12, 30, '0000-00-00 00:00:00', '2010-03-09 09:37:19', 8),
(983, 15, 1, 51, 50, '0000-00-00 00:00:00', '2010-03-09 09:37:19', 8),
(984, 18, 1, 1, 0, '0000-00-00 00:00:00', '2010-03-09 09:37:19', 8),
(985, 16, 1, 70, NULL, '0000-00-00 00:00:00', '2010-03-09 09:37:19', 8),
(986, 2, 1, 1, 0, '0000-00-00 00:00:00', '2010-05-02 01:58:58', 7),
(987, 4, 1, 0, 0, '0000-00-00 00:00:00', '2010-05-02 01:58:58', 7),
(988, 5, 1, 3, 0, '0000-00-00 00:00:00', '2010-06-17 11:25:40', 7),
(989, 27, 1, 12.5, 12.5, '0000-00-00 00:00:00', '2010-05-02 01:58:58', 7),
(990, 32, 1, 8, 8, '0000-00-00 00:00:00', '2010-05-02 01:58:58', 7),
(991, 33, 1, NULL, NULL, '0000-00-00 00:00:00', '2010-05-02 01:58:58', 7),
(992, 2, 1, 0, NULL, '0000-00-00 00:00:00', '2010-03-09 09:37:19', 8),
(993, 3, 1, 0, NULL, '0000-00-00 00:00:00', '2010-03-09 09:37:19', 8),
(994, 4, 1, 0, 0, '0000-00-00 00:00:00', '2010-03-09 09:37:19', 8),
(995, 5, 1, 0, NULL, '0000-00-00 00:00:00', '2010-03-09 09:37:19', 8),
(996, 8, 1, 1, NULL, '0000-00-00 00:00:00', '2010-03-09 09:37:19', 8),
(997, 9, 1, 0, NULL, '0000-00-00 00:00:00', '2010-03-09 09:37:19', 8),
(998, 25, 1, 1, 0, '0000-00-00 00:00:00', '2010-03-09 09:37:19', 8),
(999, 26, 1, 1, 0, '0000-00-00 00:00:00', '2010-03-09 09:37:19', 8),
(1000, 27, 1, 12.5, NULL, '0000-00-00 00:00:00', '2010-03-09 09:37:19', 8),
(1001, 28, 1, 100, NULL, '0000-00-00 00:00:00', '2010-03-09 09:37:19', 8),
(1002, 29, 1, 100, NULL, '0000-00-00 00:00:00', '2010-03-09 09:37:19', 8),
(1003, 30, 1, 100, NULL, '0000-00-00 00:00:00', '2010-03-09 09:37:19', 8),
(1004, 31, 1, 100, NULL, '0000-00-00 00:00:00', '2010-03-09 09:37:19', 8),
(1005, 32, 1, 8, NULL, '0000-00-00 00:00:00', '2010-03-09 09:37:19', 8),
(1006, 33, 1, NULL, NULL, '0000-00-00 00:00:00', '2010-03-09 09:37:19', 8),
(1007, 3, 1, 10, 0, '0000-00-00 00:00:00', '2010-05-02 01:58:58', 7),
(1008, 8, 1, 4, 0, '0000-00-00 00:00:00', '2010-06-17 11:25:40', 7),
(1009, 28, 1, NULL, 100, '0000-00-00 00:00:00', '2010-04-10 02:16:24', 7),
(1010, 29, 1, NULL, 100, '0000-00-00 00:00:00', '2010-04-10 02:16:24', 7),
(1011, 30, 1, NULL, 100, '0000-00-00 00:00:00', '2010-04-10 02:16:24', 7),
(1012, 31, 1, NULL, 100, '0000-00-00 00:00:00', '2010-01-17 05:12:29', 7),
(1013, 7, 8, 3, NULL, '0000-00-00 00:00:00', '2010-04-05 03:06:48', 8),
(1014, 6, 8, 265938, NULL, '0000-00-00 00:00:00', '2010-04-05 03:06:48', 8),
(1015, 12, 8, 60000, NULL, '0000-00-00 00:00:00', '2010-04-05 03:06:48', 8),
(1016, 10, 1, 19, 0, '0000-00-00 00:00:00', '2010-05-02 01:58:58', 7),
(1017, 11, 1, 60, 60, '0000-00-00 00:00:00', '2010-03-09 09:37:06', 7),
(1018, 17, 1, 1, 1, '0000-00-00 00:00:00', '2010-03-08 05:11:58', 7),
(1019, 10, 1, 2, 0, '0000-00-00 00:00:00', '2010-03-09 09:37:19', 8),
(1020, 11, 1, 0, 0, '0000-00-00 00:00:00', '2010-03-09 09:37:19', 8),
(1021, 17, 1, 1, 1, '0000-00-00 00:00:00', '2010-03-08 05:23:17', 8),
(1022, 4, 1, NULL, 40, '0000-00-00 00:00:00', '2010-01-08 04:21:53', 9),
(1023, 10, 1, NULL, 33, '0000-00-00 00:00:00', '2010-01-08 04:21:53', 9),
(1024, 11, 1, NULL, 60, '0000-00-00 00:00:00', '2010-01-08 04:21:53', 9),
(1025, 17, 1, NULL, 1, '0000-00-00 00:00:00', '2010-01-08 04:21:53', 9),
(1026, 4, 1, NULL, 24, '0000-00-00 00:00:00', '2010-01-08 04:22:11', 10),
(1027, 10, 1, NULL, 65, '0000-00-00 00:00:00', '2010-01-08 04:22:11', 10),
(1028, 11, 1, NULL, 60, '0000-00-00 00:00:00', '2010-01-08 04:22:11', 10),
(1029, 17, 1, NULL, 1, '0000-00-00 00:00:00', '2010-01-08 04:22:11', 10),
(1030, 27, 3, NULL, 4, '0000-00-00 00:00:00', '2010-02-10 11:22:50', 9),
(1031, 6, 9, 12703, NULL, '0000-00-00 00:00:00', '2010-01-11 04:12:12', 6),
(1032, 7, 9, 0.7, NULL, '0000-00-00 00:00:00', '2010-01-11 04:12:12', 6),
(1033, 21, 8, 3, NULL, '0000-00-00 00:00:00', '2010-04-05 03:06:48', 8),
(1034, 22, 3, 106, 100, '0000-00-00 00:00:00', '2010-04-05 15:18:15', 9),
(1035, 23, 3, NULL, 100, '0000-00-00 00:00:00', '2010-02-10 11:22:50', 9),
(1036, 1, 3, 77.7, 0, '0000-00-00 00:00:00', '2010-04-05 15:18:15', 9),
(1037, 1, 1, 83, NULL, '0000-00-00 00:00:00', '2010-03-09 09:37:19', 8),
(1038, 12, 1, 2478500, NULL, '0000-00-00 00:00:00', '2010-03-09 09:37:19',
8),
(1039, 13, 1, 0, NULL, '0000-00-00 00:00:00', '2010-03-09 09:37:19', 8),
(1040, 19, 1, 88, NULL, '0000-00-00 00:00:00', '2010-03-09 09:37:19', 8),
(1041, 43, 1, 1, NULL, '0000-00-00 00:00:00', '2010-05-02 01:58:58', 7),
(1042, 44, 1, 1, NULL, '0000-00-00 00:00:00', '2010-05-02 01:58:58', 7),
(1043, 43, 1, 1, NULL, '0000-00-00 00:00:00', '2010-03-09 09:37:19', 8),
(1044, 44, 1, 1, NULL, '0000-00-00 00:00:00', '2010-03-09 09:37:19', 8),
(1045, 20, 9, 28, 28, '0000-00-00 00:00:00', '2010-04-05 02:33:55', 9),
(1046, 22, 9, 46, 40, '0000-00-00 00:00:00', '2010-04-05 02:33:55', 9),
(1047, 25, 9, 1, 1, '0000-00-00 00:00:00', '2010-04-04 12:04:15', 9),
(1048, 26, 9, 1, 1, '0000-00-00 00:00:00', '2010-04-04 12:04:15', 9),
(1049, 27, 9, 0, 2.9, '0000-00-00 00:00:00', '2010-04-05 02:33:55', 9),
(1050, 2, 3, 0, 2, '0000-00-00 00:00:00', '2010-06-30 03:49:19', 10),
(1051, 3, 3, 0, 1, '0000-00-00 00:00:00', '2010-06-30 03:49:19', 10),
(1052, 9, 3, 1.25, 2, '0000-00-00 00:00:00', '2010-06-30 03:49:19', 10),
(1053, 32, 3, 45, 55, '0000-00-00 00:00:00', '2010-06-30 03:49:19', 10),
(1054, 4, 7, 2, 13, '0000-00-00 00:00:00', '2010-04-04 01:20:59', 9),
(1055, 10, 7, 10, 5, '0000-00-00 00:00:00', '2010-04-04 01:20:59', 9),
(1056, 18, 7, 0, 0, '0000-00-00 00:00:00', '2010-04-04 01:20:59', 9),
(1057, 25, 7, 1, 1, '0000-00-00 00:00:00', '2010-04-04 01:20:59', 9),
(1058, 26, 7, 1, 1, '0000-00-00 00:00:00', '2010-04-04 01:20:59', 9),
(1059, 43, 7, 0, 0, '0000-00-00 00:00:00', '2010-04-04 01:20:59', 9),
(1060, 44, 7, 0, 0, '0000-00-00 00:00:00', '2010-04-04 01:20:59', 9),
(1061, 45, 7, 0, 0, '0000-00-00 00:00:00', '2010-04-04 01:20:59', 9),
(1062, 40, 7, 2, NULL, '0000-00-00 00:00:00', '2010-04-04 01:20:59', 9),
(1063, 19, 3, 60, NULL, '0000-00-00 00:00:00', '2010-04-05 15:18:15', 9),
(1064, 34, 3, 1, NULL, '0000-00-00 00:00:00', '2010-04-05 15:18:15', 9),
(1065, 44, 3, 1, NULL, '0000-00-00 00:00:00', '2010-04-05 15:18:15', 9),
(1066, 20, 6, 1, NULL, '0000-00-00 00:00:00', '2010-04-04 15:27:01', 9),
(1067, 22, 6, 160, NULL, '0000-00-00 00:00:00', '2010-04-04 15:27:01', 9),
(1068, 25, 6, 0, NULL, '0000-00-00 00:00:00', '2010-03-26 09:12:33', 9),
(1069, 26, 6, 1, NULL, '0000-00-00 00:00:00', '2010-03-26 09:12:34', 9),
(1070, 27, 6, 0.04347826, NULL, '0000-00-00 00:00:00', '2010-04-04
15:27:01', 9),
(1071, 20, 7, 30, 30, '0000-00-00 00:00:00', '2010-04-04 01:20:59', 9),
(1072, 22, 7, 60, 100, '0000-00-00 00:00:00', '2010-04-04 01:20:59', 9),
(1073, 20, 7, 30, NULL, '0000-00-00 00:00:00', '2010-03-30 11:50:28', 7),
(1074, 20, 7, 30, NULL, '0000-00-00 00:00:00', '2010-03-27 05:25:30', 8),
(1075, 27, 7, 0.065, 75, '0000-00-00 00:00:00', '2010-04-04 01:20:59', 9),
(1076, 14, 2, 2, 2, '0000-00-00 00:00:00', '2010-03-30 09:04:26', 9),
(1077, 15, 2, 0, 40, '0000-00-00 00:00:00', '2010-03-30 09:04:26', 9),
(1078, 16, 2, 0, 0, '0000-00-00 00:00:00', '2010-03-30 09:04:26', 9),
(1079, 36, 2, 25, 30, '0000-00-00 00:00:00', '2010-03-30 09:04:26', 9),
(1080, 45, 2, 0, 0, '0000-00-00 00:00:00', '2010-03-30 09:04:26', 9),
(1081, 46, 2, 0, 0, '0000-00-00 00:00:00', '2010-03-30 09:04:26', 9),
(1082, 13, 2, NULL, 1, '0000-00-00 00:00:00', '2010-03-29 13:39:39', 10),
(1083, 14, 2, NULL, 3, '0000-00-00 00:00:00', '2010-03-29 13:39:39', 10),
(1084, 15, 2, NULL, 50, '0000-00-00 00:00:00', '2010-03-29 13:39:39', 10),
(1085, 16, 2, NULL, 20, '0000-00-00 00:00:00', '2010-03-29 13:39:39', 10),
(1086, 18, 2, NULL, 0, '0000-00-00 00:00:00', '2010-03-29 13:39:39', 10),
(1087, 36, 2, NULL, 20, '0000-00-00 00:00:00', '2010-03-29 13:39:39', 10),
(1088, 45, 2, NULL, 0, '0000-00-00 00:00:00', '2010-03-29 13:39:39', 10),
(1089, 46, 2, NULL, 1, '0000-00-00 00:00:00', '2010-03-29 13:39:39', 10),
(1090, 34, 2, 0, 0, '0000-00-00 00:00:00', '2010-03-29 08:04:25', 9),
(1091, 35, 2, NULL, 0.368421052, '0000-00-00 00:00:00', '2010-04-06
11:04:09', 9),
(1092, 43, 2, 0, 0, '0000-00-00 00:00:00', '2010-03-29 08:05:24', 9),
(1093, 44, 2, 0, 0, '0000-00-00 00:00:00', '2010-03-29 08:04:25', 9),
(1094, 47, 2, 3, 0, '0000-00-00 00:00:00', '2010-04-06 11:04:09', 9),
(1095, 2, 2, NULL, 1, '0000-00-00 00:00:00', '2010-03-28 00:42:24', 10),
(1096, 3, 2, NULL, 6, '0000-00-00 00:00:00', '2010-03-28 00:42:24', 10),
(1097, 25, 2, NULL, 0, '0000-00-00 00:00:00', '2010-03-28 00:42:24', 10),
(1098, 26, 2, NULL, 0, '0000-00-00 00:00:00', '2010-03-28 00:42:24', 10),
(1099, 28, 2, NULL, 50, '0000-00-00 00:00:00', '2010-03-28 00:42:24', 10),
(1100, 29, 2, NULL, 70, '0000-00-00 00:00:00', '2010-03-28 00:42:24', 10),
(1101, 30, 2, NULL, 100, '0000-00-00 00:00:00', '2010-03-28 00:42:24', 10),
(1102, 32, 2, NULL, 19, '0000-00-00 00:00:00', '2010-03-28 00:42:24', 10),
(1103, 33, 2, NULL, 18000.000018, '0000-00-00 00:00:00', '2010-03-28
00:42:24', 10),
(1104, 43, 2, NULL, 0, '0000-00-00 00:00:00', '2010-03-28 00:42:24', 10),
(1105, 44, 2, NULL, 0, '0000-00-00 00:00:00', '2010-03-28 00:42:24', 10),
(1106, 47, 2, NULL, 3, '0000-00-00 00:00:00', '2010-03-28 00:42:24', 10),
(1107, 43, 2, 0, NULL, '0000-00-00 00:00:00', '2010-03-28 00:44:53', 8),
(1108, 44, 2, 0, NULL, '0000-00-00 00:00:00', '2010-03-28 00:44:53', 8),
(1109, 45, 2, 0, NULL, '0000-00-00 00:00:00', '2010-03-28 00:44:53', 8),
(1110, 47, 2, 0, NULL, '0000-00-00 00:00:00', '2010-03-28 00:44:53', 8),
(1111, 12, 7, 250000, NULL, '0000-00-00 00:00:00', '2010-04-04 01:20:59',
9),
(1112, 19, 7, 100, NULL, '0000-00-00 00:00:00', '2010-04-04 01:20:59', 9),
(1113, 21, 7, 5, NULL, '0000-00-00 00:00:00', '2010-04-04 01:20:59', 9),
(1114, 34, 7, 0, 1, '0000-00-00 00:00:00', '2010-04-04 01:20:59', 9),
(1115, 13, 7, 0, NULL, '0000-00-00 00:00:00', '2010-04-04 01:20:59', 9),
(1116, 14, 7, 0, NULL, '0000-00-00 00:00:00', '2010-04-04 01:20:59', 9),
(1117, 40, 2, 0, NULL, '0000-00-00 00:00:00', '2010-03-29 08:05:24', 9),
(1118, 41, 2, 0, NULL, '0000-00-00 00:00:00', '2010-03-29 08:05:24', 9),
(1119, 1, 7, 75.97, 75, '0000-00-00 00:00:00', '2010-04-04 01:20:59', 9),
(1120, 2, 7, 1, 1, '0000-00-00 00:00:00', '2010-04-04 01:20:59', 9),
(1121, 3, 7, 13, 8, '0000-00-00 00:00:00', '2010-04-04 01:20:59', 9),
(1122, 9, 7, 1.625, 1.3, '0000-00-00 00:00:00', '2010-04-04 01:20:59', 9),
(1123, 30, 7, 100, 100, '0000-00-00 00:00:00', '2010-04-04 01:20:59', 9),
(1124, 32, 7, 39, 40, '0000-00-00 00:00:00', '2010-04-04 01:20:59', 9),
(1125, 33, 7, 136.986301369863, 191.570881226054, '0000-00-00 00:00:00',
'2010-04-04 01:20:59', 9),
(1126, 35, 7, 0.128, 0.35, '0000-00-00 00:00:00', '2010-04-04 01:20:59', 9),
(1127, 47, 7, 2, NULL, '0000-00-00 00:00:00', '2010-04-04 01:20:59', 9),
(1128, 28, 7, 42.8, 33, '0000-00-00 00:00:00', '2010-04-04 01:20:59', 9),
(1129, 29, 7, 92.85, 70, '0000-00-00 00:00:00', '2010-04-04 01:20:59', 9),
(1130, 5, 6, 2, NULL, '0000-00-00 00:00:00', '2010-04-04 15:27:01', 9),
(1131, 8, 6, 3, NULL, '0000-00-00 00:00:00', '2010-04-04 15:27:01', 9),
(1132, 37, 6, 2, NULL, '0000-00-00 00:00:00', '2010-04-04 15:27:01', 9),
(1133, 38, 6, 1, NULL, '0000-00-00 00:00:00', '2010-04-04 15:27:01', 9),
(1134, 4, 6, 0, NULL, '0000-00-00 00:00:00', '2010-04-04 15:27:01', 9),
(1135, 10, 6, 1, NULL, '0000-00-00 00:00:00', '2010-04-04 15:27:00', 9),
(1136, 40, 6, 0, NULL, '0000-00-00 00:00:00', '2010-04-04 15:27:01', 9),
(1137, 41, 6, 1, NULL, '0000-00-00 00:00:00', '2010-04-04 15:27:01', 9),
(1138, 43, 6, 0, NULL, '0000-00-00 00:00:00', '2010-04-04 15:27:01', 9),
(1139, 12, 6, 0, NULL, '0000-00-00 00:00:00', '2010-04-04 15:27:01', 9),
(1140, 19, 6, 0, NULL, '0000-00-00 00:00:00', '2010-04-04 15:27:01', 9),
(1141, 21, 6, 1, NULL, '0000-00-00 00:00:00', '2010-04-04 15:27:01', 9),
(1142, 34, 6, 0, NULL, '0000-00-00 00:00:00', '2010-04-04 15:27:01', 9),
(1143, 44, 6, 0, NULL, '0000-00-00 00:00:00', '2010-04-04 15:27:01', 9),
(1144, 41, 4, 5, 5, '0000-00-00 00:00:00', '2010-03-29 08:00:13', 7),
(1145, 42, 4, 10, 4, '0000-00-00 00:00:00', '2010-03-29 08:00:13', 7),
(1146, 43, 4, 1, 1, '0000-00-00 00:00:00', '2010-03-29 08:00:13', 7),
(1147, 41, 4, 0, 0, '0000-00-00 00:00:00', '2010-03-29 08:02:26', 8),
(1148, 42, 4, 12, 4, '0000-00-00 00:00:00', '2010-03-29 08:02:26', 8),
(1149, 43, 4, 0, 0, '0000-00-00 00:00:00', '2010-03-29 08:02:26', 8),
(1150, 40, 4, 0, 0, '0000-00-00 00:00:00', '2010-03-29 08:02:26', 8),
(1151, 40, 4, 0, 0, '0000-00-00 00:00:00', '2010-03-29 08:07:45', 9),
(1152, 41, 4, 3, 0, '0000-00-00 00:00:00', '2010-03-29 08:07:45', 9),
(1153, 42, 4, 2, 4, '0000-00-00 00:00:00', '2010-03-29 08:07:45', 9),
(1154, 43, 4, 1, 1, '0000-00-00 00:00:00', '2010-03-29 08:07:45', 9),
(1155, 40, 4, 0, NULL, '0000-00-00 00:00:00', '2010-03-29 08:00:13', 7),
(1156, 42, 2, 3, NULL, '0000-00-00 00:00:00', '2010-03-29 08:05:24', 9),
(1157, 37, 2, 4, NULL, '0000-00-00 00:00:00', '2010-03-29 08:06:34', 9),
(1158, 38, 2, 1, NULL, '0000-00-00 00:00:00', '2010-03-29 08:06:34', 9),
(1159, 37, 3, 30, NULL, '0000-00-00 00:00:00', '2010-04-05 15:18:15', 9),
(1160, 38, 3, 15, 12, '0000-00-00 00:00:00', '2010-04-05 15:18:15', 9),
(1161, 1, 7, 75.97, 75, '0000-00-00 00:00:00', '2010-07-01 05:08:53', 10),
(1162, 2, 7, 0, 0, '0000-00-00 00:00:00', '2010-07-01 05:08:53', 10),
(1163, 3, 7, 0, 0, '0000-00-00 00:00:00', '2010-07-01 05:08:53', 10),
(1164, 9, 7, 1.33, 1.5, '0000-00-00 00:00:00', '2010-07-01 05:08:53', 10),
(1165, 28, 7, 42.8, 33, '0000-00-00 00:00:00', '2010-07-01 05:08:53', 10),
(1166, 29, 7, 92.85, 70, '0000-00-00 00:00:00', '2010-07-01 05:08:53', 10),
(1167, 30, 7, 81, 100, '0000-00-00 00:00:00', '2010-07-01 05:08:53', 10),
(1168, 32, 7, 37, 39, '0000-00-00 00:00:00', '2010-07-01 05:08:53', 10),
(1169, 33, 7, 0, 0, '0000-00-00 00:00:00', '2010-07-01 05:08:53', 10),
(1170, 35, 7, 0.378, 0.41, '0000-00-00 00:00:00', '2010-07-01 05:08:53',
10),
(1171, 47, 7, 6, 6, '0000-00-00 00:00:00', '2010-07-01 05:08:53', 10),
(1172, 5, 4, 0, 4, '0000-00-00 00:00:00', '2010-04-07 04:36:32', 9),
(1173, 8, 4, 5, 5, '0000-00-00 00:00:00', '2010-04-07 04:36:32', 9),
(1174, 37, 4, 2, 2, '0000-00-00 00:00:00', '2010-04-07 04:36:32', 9),
(1175, 38, 4, 0, 1, '0000-00-00 00:00:00', '2010-04-07 04:36:32', 9),
(1176, 20, 8, 112, NULL, '0000-00-00 00:00:00', '2010-03-30 03:10:32', 9),
(1177, 27, 8, 2.5, NULL, '0000-00-00 00:00:00', '2010-03-30 03:10:33', 9),
(1178, 38, 8, 0, NULL, '0000-00-00 00:00:00', '2010-03-30 03:16:31', 9),
(1179, 43, 8, 0, NULL, '0000-00-00 00:00:00', '2010-03-30 07:57:10', 9),
(1180, 44, 8, 0, NULL, '0000-00-00 00:00:00', '2010-03-30 03:16:31', 9),
(1181, 45, 8, 0, NULL, '0000-00-00 00:00:00', '2010-03-30 03:16:31', 9),
(1182, 6, 2, 162000, 160000, '0000-00-00 00:00:00', '2010-03-30 07:12:13',
9),
(1183, 7, 2, 8, 8, '0000-00-00 00:00:00', '2010-03-30 07:12:13', 9),
(1184, 6, 2, NULL, 160000, '0000-00-00 00:00:00', '2010-03-30 06:25:44',
10),
(1185, 7, 2, NULL, 8, '0000-00-00 00:00:00', '2010-03-30 06:25:44', 10),
(1186, 40, 8, 5, NULL, '0000-00-00 00:00:00', '2010-03-30 07:57:10', 9),
(1187, 41, 8, 0, NULL, '0000-00-00 00:00:00', '2010-03-30 07:57:10', 9),
(1188, 42, 8, 27, NULL, '0000-00-00 00:00:00', '2010-03-30 07:57:10', 9),
(1189, 6, 7, 308985, NULL, '0000-00-00 00:00:00', '2010-04-04 01:20:59', 9),
(1190, 7, 7, 5, 10, '0000-00-00 00:00:00', '2010-04-04 01:20:59', 9),
(1191, 36, 7, 86, NULL, '0000-00-00 00:00:00', '2010-04-04 01:20:59', 9),
(1192, 5, 7, 3, 6, '0000-00-00 00:00:00', '2010-04-04 01:20:59', 9),
(1193, 8, 7, 4, 2, '0000-00-00 00:00:00', '2010-04-04 01:20:59', 9),
(1194, 37, 7, 7, NULL, '0000-00-00 00:00:00', '2010-04-04 01:20:59', 9),
(1195, 38, 7, 6, NULL, '0000-00-00 00:00:00', '2010-04-04 01:20:59', 9),
(1196, 15, 7, 4382, NULL, '0000-00-00 00:00:00', '2010-03-30 11:50:09', 7),
(1197, 43, 7, 0, NULL, '0000-00-00 00:00:00', '2010-03-30 11:50:28', 7),
(1198, 44, 7, 0, NULL, '0000-00-00 00:00:00', '2010-03-30 11:50:28', 7),
(1199, 45, 7, 0, NULL, '0000-00-00 00:00:00', '2010-03-30 11:50:28', 7),
(1200, 15, 7, 4382, NULL, '0000-00-00 00:00:00', '2010-04-04 01:20:59', 9),
(1201, 45, 9, 0, 0, '0000-00-00 00:00:00', '2010-04-04 02:43:19', 8),
(1202, 2, 6, 1, NULL, '0000-00-00 00:00:00', '2010-04-04 15:29:13', 9),
(1203, 3, 6, 7, NULL, '0000-00-00 00:00:00', '2010-04-04 15:29:13', 9),
(1204, 9, 6, 1, NULL, '0000-00-00 00:00:00', '2010-04-04 15:29:13', 9),
(1205, 28, 6, 33.3, NULL, '0000-00-00 00:00:00', '2010-04-04 15:29:13', 9),
(1206, 29, 6, 75, NULL, '0000-00-00 00:00:00', '2010-04-04 15:29:13', 9),
(1207, 30, 6, 100, NULL, '0000-00-00 00:00:00', '2010-04-04 15:29:13', 9),
(1208, 32, 6, 26, NULL, '0000-00-00 00:00:00', '2010-04-04 15:29:13', 9),
(1209, 33, 6, 208.333333333333, NULL, '0000-00-00 00:00:00', '2010-04-04
15:29:13', 9),
(1210, 47, 6, 2, NULL, '0000-00-00 00:00:00', '2010-04-04 15:29:13', 9),
(1211, 13, 6, 3, NULL, '0000-00-00 00:00:00', '2010-03-31 12:32:14', 9),
(1212, 14, 6, 2, NULL, '0000-00-00 00:00:00', '2010-04-04 15:27:00', 9),
(1213, 18, 6, 0, NULL, '0000-00-00 00:00:00', '2010-04-04 15:27:01', 9),
(1214, 45, 6, 0, NULL, '0000-00-00 00:00:00', '2010-04-04 15:27:01', 9),
(1215, 4, 9, 1, 1, '0000-00-00 00:00:00', '2010-04-05 02:33:55', 9),
(1216, 10, 9, 5, 6, '0000-00-00 00:00:00', '2010-04-05 02:33:55', 9),
(1217, 41, 9, 1, 1, '0000-00-00 00:00:00', '2010-04-05 02:33:55', 9),
(1218, 42, 9, 20, 20, '0000-00-00 00:00:00', '2010-04-05 02:33:55', 9),
(1219, 43, 9, 0, 0, '0000-00-00 00:00:00', '2010-04-05 02:33:55', 9),
(1220, 38, 3, 8, 15, '0000-00-00 00:00:00', '2010-06-28 02:20:24', 7),
(1221, 38, 3, 8, 14, '0000-00-00 00:00:00', '2010-04-01 02:06:12', 8),
(1222, 38, 3, 49, 14, '0000-00-00 00:00:00', '2010-07-01 09:41:46', 10),
(1223, 35, 4, 0.137, NULL, '0000-00-00 00:00:00', '2010-04-01 03:56:20', 8),
(1224, 47, 4, 0, NULL, '0000-00-00 00:00:00', '2010-04-01 03:56:20', 8),
(1225, 43, 3, NULL, 0, '0000-00-00 00:00:00', '2010-06-27 05:39:30', 10),
(1226, 40, 3, 12, 17, '0000-00-00 00:00:00', '2010-04-05 15:18:15', 9),
(1227, 41, 3, 2, 2, '0000-00-00 00:00:00', '2010-04-05 15:18:15', 9),
(1228, 43, 3, 1, 1, '0000-00-00 00:00:00', '2010-04-05 15:18:15', 9),
(1229, 40, 3, NULL, 18, '0000-00-00 00:00:00', '2010-06-27 05:39:30', 10),
(1230, 41, 3, NULL, 5, '0000-00-00 00:00:00', '2010-06-27 05:39:30', 10),
(1231, 42, 3, 37, 30, '0000-00-00 00:00:00', '2010-04-05 15:18:15', 9),
(1232, 40, 3, 4, 8, '0000-00-00 00:00:00', '2010-04-01 04:33:08', 8),
(1233, 43, 3, 0, 0, '0000-00-00 00:00:00', '2010-04-01 04:33:08', 8),
(1234, 42, 3, 112, 50, '0000-00-00 00:00:00', '2010-04-01 04:33:08', 8),
(1235, 42, 3, NULL, 72, '0000-00-00 00:00:00', '2010-06-27 05:39:30', 10),
(1236, 1, 9, 6, 8, '0000-00-00 00:00:00', '2010-04-05 02:33:55', 9),
(1237, 2, 9, 0, 0, '0000-00-00 00:00:00', '2010-04-05 02:33:55', 9),
(1238, 3, 9, 9, 10, '0000-00-00 00:00:00', '2010-04-05 02:33:55', 9),
(1239, 9, 9, 1.4, 1.5, '0000-00-00 00:00:00', '2010-04-05 02:33:55', 9),
(1240, 47, 9, 3, 1, '0000-00-00 00:00:00', '2010-04-03 15:39:43', 7),
(1241, 28, 9, 21.43, 37.5, '0000-00-00 00:00:00', '2010-04-05 02:33:55', 9),
(1242, 29, 9, 80, 28.5, '0000-00-00 00:00:00', '2010-04-05 02:33:55', 9),
(1243, 30, 9, 100, 75, '0000-00-00 00:00:00', '2010-04-05 02:33:55', 9),
(1244, 32, 9, 31, 38, '0000-00-00 00:00:00', '2010-04-05 02:33:55', 9),
(1245, 47, 9, 0, 1, '0000-00-00 00:00:00', '2010-04-04 02:41:14', 9),
(1246, 33, 9, 114.285714285714, 187.617260787993, '0000-00-00 00:00:00',
'2010-04-05 02:33:55', 9),
(1247, 47, 9, 3, 1, '0000-00-00 00:00:00', '2010-04-04 02:44:53', 8),
(1248, 35, 9, 0.0968, NULL, '0000-00-00 00:00:00', '2010-04-05 02:19:05',
9),
(1249, 2, 9, 3, 3, '0000-00-00 00:00:00', '2010-07-01 12:00:46', 10),
(1250, 3, 9, 4, 3, '0000-00-00 00:00:00', '2010-07-01 12:00:46', 10),
(1251, 9, 9, 0.5, 1.4, '0000-00-00 00:00:00', '2010-07-01 12:00:46', 10),
(1252, 28, 9, 20, 21.43, '0000-00-00 00:00:00', '2010-07-01 12:00:46', 10),
(1253, 29, 9, 80, 80, '0000-00-00 00:00:00', '2010-07-01 12:00:46', 10),
(1254, 30, 9, 100, 90, '0000-00-00 00:00:00', '2010-07-01 12:00:46', 10),
(1255, 32, 9, 31, 32, '0000-00-00 00:00:00', '2010-07-01 12:00:46', 10),
(1256, 33, 9, NULL, NULL, '0000-00-00 00:00:00', '2010-04-03 02:55:32', 10),
(1257, 35, 9, 0.0645, 0.0968, '0000-00-00 00:00:00', '2010-07-01 12:00:46',
10),
(1258, 47, 9, 0, 0, '0000-00-00 00:00:00', '2010-07-01 12:00:46', 10),
(1259, 1, 9, 7.9, 8, '0000-00-00 00:00:00', '2010-07-01 12:00:45', 10),
(1260, 48, 10, 4439, NULL, '0000-00-00 00:00:00', '2010-04-04 02:19:23', 7),
(1261, 7, 10, 2, 2, '0000-00-00 00:00:00', '2010-04-05 05:12:42', 9),
(1262, 48, 10, 4439, 26696, '0000-00-00 00:00:00', '2010-04-05 05:12:42',
9),
(1263, 6, 10, 137203, 208056, '0000-00-00 00:00:00', '2010-04-05 05:12:42',
9),
(1264, 12, 10, 260000, 300000, '0000-00-00 00:00:00', '2010-04-06 14:50:45',
9),
(1265, 19, 10, 70, NULL, '0000-00-00 00:00:00', '2010-04-04 02:22:23', 9),
(1266, 21, 10, 9, 6, '0000-00-00 00:00:00', '2010-04-06 14:50:45', 9),
(1267, 34, 10, 1, 2, '0000-00-00 00:00:00', '2010-04-06 14:50:45', 9),
(1268, 44, 10, 0, 0, '0000-00-00 00:00:00', '2010-04-06 14:50:45', 9),
(1269, 13, 10, 5, 8, '0000-00-00 00:00:00', '2010-04-04 02:26:17', 9),
(1270, 14, 10, 3, NULL, '0000-00-00 00:00:00', '2010-04-04 02:24:36', 9),
(1271, 15, 10, 1230, 1100, '0000-00-00 00:00:00', '2010-04-04 02:26:17', 9),
(1272, 18, 10, 0, 0, '0000-00-00 00:00:00', '2010-04-04 02:26:17', 9),
(1273, 36, 10, 53, 40, '0000-00-00 00:00:00', '2010-04-04 02:26:17', 9),
(1274, 45, 10, 0, 0, '0000-00-00 00:00:00', '2010-04-04 02:26:17', 9),
(1275, 2, 10, 0, NULL, '0000-00-00 00:00:00', '2010-04-04 02:29:31', 9),
(1276, 3, 10, 5, NULL, '0000-00-00 00:00:00', '2010-04-04 02:29:31', 9),
(1277, 9, 10, 11, NULL, '0000-00-00 00:00:00', '2010-04-04 02:29:31', 9),
(1278, 28, 10, 21.43, NULL, '0000-00-00 00:00:00', '2010-04-04 02:29:31',
9),
(1279, 29, 10, 72.72, NULL, '0000-00-00 00:00:00', '2010-04-04 02:29:31',
9),
(1280, 30, 10, 68.18, NULL, '0000-00-00 00:00:00', '2010-04-04 02:29:31',
9),
(1281, 32, 10, 35, NULL, '0000-00-00 00:00:00', '2010-04-04 02:29:31', 9),
(1282, 33, 10, 200, NULL, '0000-00-00 00:00:00', '2010-04-04 02:29:31', 9),
(1283, 35, 10, 31.4, NULL, '0000-00-00 00:00:00', '2010-04-04 02:29:31', 9),
(1284, 47, 10, 5, NULL, '0000-00-00 00:00:00', '2010-04-04 02:29:31', 9),
(1285, 4, 10, 3, 3, '0000-00-00 00:00:00', '2010-04-04 04:12:24', 9),
(1286, 10, 10, 3, 2, '0000-00-00 00:00:00', '2010-04-04 04:12:24', 9),
(1287, 40, 10, 1, 2, '0000-00-00 00:00:00', '2010-04-04 04:12:24', 9),
(1288, 41, 10, 0, 0, '0000-00-00 00:00:00', '2010-04-04 04:12:24', 9),
(1289, 42, 10, 0, 0, '0000-00-00 00:00:00', '2010-04-04 04:12:24', 9),
(1290, 43, 10, 0, 0, '0000-00-00 00:00:00', '2010-04-04 04:12:24', 9),
(1291, 5, 10, 2, 5, '0000-00-00 00:00:00', '2010-04-05 05:11:40', 9),
(1292, 8, 10, 1, 19, '0000-00-00 00:00:00', '2010-04-05 05:11:40', 9),
(1293, 37, 10, 0, 5, '0000-00-00 00:00:00', '2010-04-05 05:11:40', 9),
(1294, 38, 10, 2, 5, '0000-00-00 00:00:00', '2010-04-05 05:11:40', 9),
(1295, 18, 9, 0, 0, '0000-00-00 00:00:00', '2010-04-05 02:33:55', 9),
(1296, 44, 9, 1, 0, '0000-00-00 00:00:00', '2010-04-05 02:33:55', 9),
(1297, 45, 9, 0, 0, '0000-00-00 00:00:00', '2010-04-05 02:33:55', 9),
(1298, 43, 9, 0, NULL, '0000-00-00 00:00:00', '2010-04-04 02:43:19', 8),
(1299, 44, 9, 0, NULL, '0000-00-00 00:00:00', '2010-04-04 02:43:19', 8),
(1300, 5, 9, 0, 0, '0000-00-00 00:00:00', '2010-04-05 02:33:55', 9),
(1301, 8, 9, 1, 2, '0000-00-00 00:00:00', '2010-04-05 02:33:55', 9),
(1302, 5, 4, NULL, 7, '0000-00-00 00:00:00', '2010-04-07 04:36:40', 10),
(1303, 8, 4, NULL, 10, '0000-00-00 00:00:00', '2010-04-07 04:36:40', 10),
(1304, 37, 4, NULL, 6, '0000-00-00 00:00:00', '2010-04-07 04:36:40', 10),
(1305, 38, 4, NULL, 5, '0000-00-00 00:00:00', '2010-04-07 04:36:40', 10),
(1306, 38, 9, 0, NULL, '0000-00-00 00:00:00', '2010-04-05 02:19:05', 9),
(1307, 12, 9, 0, NULL, '0000-00-00 00:00:00', '2010-04-05 02:19:05', 9),
(1308, 21, 9, 1, NULL, '0000-00-00 00:00:00', '2010-04-05 02:19:05', 9),
(1309, 34, 9, 0, NULL, '0000-00-00 00:00:00', '2010-04-05 02:19:05', 9),
(1310, 7, 9, 0, 0.2, '0000-00-00 00:00:00', '2010-04-05 02:33:55', 9),
(1311, 6, 9, -20000, 4370, '0000-00-00 00:00:00', '2010-04-05 02:33:55', 9),
(1312, 40, 9, 5, NULL, '0000-00-00 00:00:00', '2010-04-05 02:19:05', 9),
(1313, 37, 4, NULL, 7, '0000-00-00 00:00:00', '2010-04-07 04:36:21', 7),
(1314, 38, 4, NULL, 3, '0000-00-00 00:00:00', '2010-04-07 04:36:21', 7),
(1315, 13, 9, 0, 0, '0000-00-00 00:00:00', '2010-04-04 14:55:21', 9),
(1316, 14, 9, 0, 0, '0000-00-00 00:00:00', '2010-04-05 02:33:55', 9),
(1317, 15, 9, 363, 400, '0000-00-00 00:00:00', '2010-04-05 02:33:55', 9),
(1318, 16, 9, 60, 60, '0000-00-00 00:00:00', '2010-04-05 02:33:55', 9),
(1319, 36, 9, 10, 12, '0000-00-00 00:00:00', '2010-04-05 02:33:55', 9),
(1320, 37, 9, 0, NULL, '0000-00-00 00:00:00', '2010-04-05 02:19:05', 9),
(1321, 25, 9, 0, NULL, '0000-00-00 00:00:00', '2010-04-04 14:34:24', 10),
(1322, 26, 9, 0, NULL, '0000-00-00 00:00:00', '2010-04-04 14:34:24', 10),
(1323, 6, 6, 5000, NULL, '0000-00-00 00:00:00', '2010-04-04 15:27:00', 9),
(1324, 7, 6, 1, NULL, '0000-00-00 00:00:00', '2010-04-04 15:27:00', 9),
(1325, 36, 6, 40, NULL, '0000-00-00 00:00:00', '2010-04-04 15:27:01', 9),
(1326, 15, 6, 1341, NULL, '0000-00-00 00:00:00', '2010-04-04 15:27:00', 9),
(1327, 42, 6, 25, NULL, '0000-00-00 00:00:00', '2010-04-04 15:27:01', 9),
(1328, 35, 6, 0.076923, NULL, '0000-00-00 00:00:00', '2010-04-04 15:29:13',
9),
(1329, 25, 10, 1, NULL, '0000-00-00 00:00:00', '2010-04-04 23:48:27', 9),
(1330, 26, 10, 1, NULL, '0000-00-00 00:00:00', '2010-04-04 23:48:27', 9),
(1331, 43, 3, 0, NULL, '0000-00-00 00:00:00', '2010-04-05 02:52:52', 3),
(1332, 44, 3, 0, NULL, '0000-00-00 00:00:00', '2010-04-05 02:52:52', 3),
(1333, 45, 3, 0, NULL, '0000-00-00 00:00:00', '2010-04-05 02:52:52', 3),
(1334, 3, 8, 12, NULL, '0000-00-00 00:00:00', '2010-04-05 03:14:04', 5),
(1335, 18, 8, 0, NULL, '0000-00-00 00:00:00', '2010-04-05 03:14:04', 5),
(1336, 43, 8, 0, NULL, '0000-00-00 00:00:00', '2010-04-05 03:14:04', 5),
(1337, 44, 8, 0, NULL, '0000-00-00 00:00:00', '2010-04-05 03:14:04', 5),
(1338, 45, 8, 0, NULL, '0000-00-00 00:00:00', '2010-04-05 03:14:04', 5),
(1339, 32, 8, 39, NULL, '0000-00-00 00:00:00', '2010-04-05 03:14:04', 5),
(1340, 2, 8, 1, NULL, '0000-00-00 00:00:00', '2010-04-05 03:14:04', 5),
(1341, 10, 8, 1, NULL, '0000-00-00 00:00:00', '2010-04-05 03:14:04', 5),
(1342, 4, 8, 3, NULL, '0000-00-00 00:00:00', '2010-04-05 03:14:04', 5),
(1343, 10, 8, 5, NULL, '0000-00-00 00:00:00', '2010-04-05 03:05:45', 4),
(1344, 4, 8, 5, NULL, '0000-00-00 00:00:00', '2010-04-05 03:05:45', 4),
(1345, 18, 8, 0, NULL, '0000-00-00 00:00:00', '2010-04-05 03:05:45', 4),
(1346, 43, 8, 0, NULL, '0000-00-00 00:00:00', '2010-04-05 03:05:45', 4),
(1347, 44, 8, 0, NULL, '0000-00-00 00:00:00', '2010-04-05 03:05:45', 4),
(1348, 45, 8, 0, NULL, '0000-00-00 00:00:00', '2010-04-05 03:05:45', 4),
(1349, 10, 8, 4, NULL, '0000-00-00 00:00:00', '2010-04-05 03:05:33', 3),
(1350, 4, 8, 7, NULL, '0000-00-00 00:00:00', '2010-04-05 03:05:33', 3),
(1351, 18, 8, 0, NULL, '0000-00-00 00:00:00', '2010-04-05 03:05:33', 3),
(1352, 43, 8, 0, NULL, '0000-00-00 00:00:00', '2010-04-05 03:05:33', 3),
(1353, 44, 8, 0, NULL, '0000-00-00 00:00:00', '2010-04-05 03:05:33', 3),
(1354, 45, 8, 0, NULL, '0000-00-00 00:00:00', '2010-04-05 03:05:33', 3),
(1355, 10, 8, 2, NULL, '0000-00-00 00:00:00', '2010-04-05 03:06:13', 6),
(1356, 4, 8, 4, NULL, '0000-00-00 00:00:00', '2010-04-05 03:06:13', 6),
(1357, 18, 8, 0, NULL, '0000-00-00 00:00:00', '2010-04-05 03:06:13', 6),
(1358, 43, 8, 0, NULL, '0000-00-00 00:00:00', '2010-04-05 03:06:13', 6),
(1359, 44, 8, 0, NULL, '0000-00-00 00:00:00', '2010-04-05 03:06:13', 6),
(1360, 45, 8, 0, NULL, '0000-00-00 00:00:00', '2010-04-05 03:06:13', 6),
(1361, 5, 8, 3, NULL, '0000-00-00 00:00:00', '2010-04-05 03:06:13', 6),
(1362, 8, 8, 6, NULL, '0000-00-00 00:00:00', '2010-04-05 03:06:13', 6),
(1363, 5, 8, 4, NULL, '0000-00-00 00:00:00', '2010-04-05 03:14:04', 5),
(1364, 8, 8, 4, NULL, '0000-00-00 00:00:00', '2010-04-05 03:14:04', 5),
(1365, 5, 8, 4, NULL, '0000-00-00 00:00:00', '2010-04-05 03:05:45', 4),
(1366, 8, 8, 7, NULL, '0000-00-00 00:00:00', '2010-04-05 03:05:45', 4),
(1367, 5, 8, 7, NULL, '0000-00-00 00:00:00', '2010-04-05 03:05:33', 3),
(1368, 8, 8, 2, NULL, '0000-00-00 00:00:00', '2010-04-05 03:05:33', 3),
(1369, 38, 8, 4, NULL, '0000-00-00 00:00:00', '2010-04-05 03:14:04', 5),
(1370, 40, 8, 8, NULL, '0000-00-00 00:00:00', '2010-04-05 03:05:33', 3),
(1371, 40, 8, 4, NULL, '0000-00-00 00:00:00', '2010-04-05 03:05:45', 4),
(1372, 38, 8, 4, NULL, '0000-00-00 00:00:00', '2010-04-05 03:06:13', 6),
(1373, 38, 8, 5, NULL, '0000-00-00 00:00:00', '2010-04-05 03:05:33', 3),
(1374, 38, 8, 5, NULL, '0000-00-00 00:00:00', '2010-04-05 03:05:45', 4),
(1375, 38, 8, 4, NULL, '0000-00-00 00:00:00', '2010-04-05 03:06:36', 7),
(1376, 43, 8, 0, NULL, '0000-00-00 00:00:00', '2010-04-05 03:06:36', 7),
(1377, 44, 8, 0, NULL, '0000-00-00 00:00:00', '2010-04-05 03:06:36', 7),
(1378, 45, 8, 0, NULL, '0000-00-00 00:00:00', '2010-04-05 03:06:36', 7),
(1379, 38, 8, 3, NULL, '0000-00-00 00:00:00', '2010-04-05 03:06:48', 8),
(1380, 43, 8, 0, NULL, '0000-00-00 00:00:00', '2010-04-05 03:06:48', 8),
(1381, 44, 8, 0, NULL, '0000-00-00 00:00:00', '2010-04-05 03:06:48', 8),
(1382, 45, 8, 0, NULL, '0000-00-00 00:00:00', '2010-04-05 03:06:48', 8),
(1383, 40, 8, 5, NULL, '0000-00-00 00:00:00', '2010-04-05 03:14:04', 5),
(1384, 40, 8, 1, NULL, '0000-00-00 00:00:00', '2010-04-05 03:06:13', 6),
(1385, 40, 8, 5, NULL, '0000-00-00 00:00:00', '2010-04-05 03:06:36', 7),
(1386, 40, 8, 6, NULL, '0000-00-00 00:00:00', '2010-04-05 03:06:48', 8),
(1387, 35, 8, 0.2, NULL, '0000-00-00 00:00:00', '2010-04-05 03:14:04', 5),
(1388, 6, 8, 82044, NULL, '0000-00-00 00:00:00', '2010-04-05 03:14:04', 5),
(1389, 14, 8, 1, NULL, '0000-00-00 00:00:00', '2010-04-05 03:14:04', 5),
(1390, 1, 4, 0.78, NULL, '0000-00-00 00:00:00', '2010-04-05 10:48:46', 9),
(1391, 2, 4, 0, NULL, '0000-00-00 00:00:00', '2010-04-05 10:48:46', 9),
(1392, 3, 4, 6, NULL, '0000-00-00 00:00:00', '2010-04-05 10:48:46', 9),
(1393, 9, 4, 0, NULL, '0000-00-00 00:00:00', '2010-04-05 10:48:46', 9),
(1394, 30, 4, 100, NULL, '0000-00-00 00:00:00', '2010-04-05 10:48:46', 9),
(1395, 32, 4, 29, NULL, '0000-00-00 00:00:00', '2010-04-05 10:48:46', 9),
(1396, 33, 4, 14705.8823529412, NULL, '0000-00-00 00:00:00', '2010-04-05
10:48:46', 9),
(1397, 35, 4, 0.137, NULL, '0000-00-00 00:00:00', '2010-04-05 10:48:46', 9),
(1398, 47, 4, 6, NULL, '0000-00-00 00:00:00', '2010-04-05 10:48:46', 9),
(1399, 28, 4, 72.22, NULL, '0000-00-00 00:00:00', '2010-04-05 10:48:04', 9),
(1400, 29, 4, 81, NULL, '0000-00-00 00:00:00', '2010-04-05 10:48:04', 9),
(1401, 2, 4, NULL, 2, '0000-00-00 00:00:00', '2010-04-05 11:01:08', 10),
(1402, 3, 4, NULL, 3, '0000-00-00 00:00:00', '2010-04-05 11:01:08', 10),
(1403, 9, 4, NULL, 8, '0000-00-00 00:00:00', '2010-04-05 11:01:08', 10),
(1404, 30, 4, NULL, 85, '0000-00-00 00:00:00', '2010-04-05 11:01:08', 10),
(1405, 32, 4, NULL, 30, '0000-00-00 00:00:00', '2010-04-05 11:01:08', 10),
(1406, 33, 4, NULL, 20000, '0000-00-00 00:00:00', '2010-04-05 11:01:08',
10),
(1407, 35, 4, NULL, 0.4, '0000-00-00 00:00:00', '2010-04-05 11:01:09', 10),
(1408, 47, 4, NULL, 0, '0000-00-00 00:00:00', '2010-04-05 11:01:09', 10),
(1409, 7, 3, 8, 8, '0000-00-00 00:00:00', '2010-04-05 15:18:15', 9),
(1410, 48, 3, 226576, 243336, '0000-00-00 00:00:00', '2010-04-05 15:18:15',
9),
(1411, 6, 3, 2700000, 2800000, '0000-00-00 00:00:00', '2010-04-05 15:18:15',
9),
(1412, 34, 4, 0, 1, '0000-00-00 00:00:00', '2010-04-05 12:16:30', 7),
(1413, 44, 4, 0, 0, '0000-00-00 00:00:00', '2010-04-05 12:16:30', 7),
(1414, 44, 4, NULL, 0, '0000-00-00 00:00:00', '2010-04-05 12:15:57', 8),
(1415, 12, 4, 0, 40000, '0000-00-00 00:00:00', '2010-04-05 12:16:46', 9),
(1416, 44, 4, 0, 0, '0000-00-00 00:00:00', '2010-04-05 12:16:46', 9),
(1417, 12, 4, 0, 20000, '0000-00-00 00:00:00', '2010-04-05 12:16:49', 10),
(1418, 44, 4, 0, 0, '0000-00-00 00:00:00', '2010-04-05 12:16:49', 10),
(1419, 2, 3, 2, 2, '0000-00-00 00:00:00', '2010-04-05 15:18:15', 9),
(1420, 47, 3, 0, 0, '0000-00-00 00:00:00', '2010-04-05 15:18:15', 9),
(1421, 35, 3, 52.45, 46.77, '0000-00-00 00:00:00', '2010-04-05 15:18:15',
9),
(1422, 36, 3, 179, NULL, '0000-00-00 00:00:00', '2010-04-05 15:18:15', 9),
(1423, 45, 3, 0, NULL, '0000-00-00 00:00:00', '2010-04-05 15:18:15', 9),
(1424, 43, 3, 0, NULL, '0000-00-00 00:00:00', '2010-06-28 02:20:24', 7),
(1425, 44, 3, 0, NULL, '0000-00-00 00:00:00', '2010-06-28 02:20:24', 7),
(1426, 45, 3, 0, NULL, '0000-00-00 00:00:00', '2010-06-28 02:20:24', 7),
(1427, 48, 4, 0, 0, '0000-00-00 00:00:00', '2010-04-26 10:26:04', 9),
(1428, 48, 4, 0, 0, '0000-00-00 00:00:00', '2010-04-06 00:43:24', 8),
(1429, 48, 4, 0, 0, '0000-00-00 00:00:00', '2010-04-06 00:43:18', 7),
(1430, 48, 4, NULL, 0, '0000-00-00 00:00:00', '2010-04-06 00:42:56', 10),
(1431, 37, 4, NULL, 9, '0000-00-00 00:00:00', '2010-04-07 04:36:25', 8),
(1432, 38, 4, NULL, 7, '0000-00-00 00:00:00', '2010-04-07 04:36:25', 8),
(1433, 14, 3, 10, 15, '0000-00-00 00:00:00', '2010-07-01 09:44:12', 10),
(1434, 15, 3, 5145, 9000, '0000-00-00 00:00:00', '2010-07-01 09:44:12', 10),
(1435, 45, 3, 0, 0, '0000-00-00 00:00:00', '2010-07-01 09:44:12', 10),
(1436, 33, 8, 151.515151515152, NULL, '0000-00-00 00:00:00', '2010-04-06
14:57:42', 9),
(1437, 47, 8, 0, NULL, '0000-00-00 00:00:00', '2010-04-06 14:57:42', 9),
(1438, 29, 8, 46.25, NULL, '0000-00-00 00:00:00', '2010-04-06 14:57:42', 9),
(1439, 30, 8, 100, NULL, '0000-00-00 00:00:00', '2010-04-06 14:57:42', 9),
(1440, 30, 3, 79, 80, '0000-00-00 00:00:00', '2010-06-30 03:49:19', 10),
(1441, 12, 8, 0, 40000, '0000-00-00 00:00:00', '2010-04-07 08:27:55', 10),
(1442, 19, 8, 100, 80, '0000-00-00 00:00:00', '2010-04-07 08:27:55', 10),
(1443, 21, 8, 3, 4, '0000-00-00 00:00:00', '2010-04-07 08:27:55', 10),
(1444, 34, 8, 0, 0, '0000-00-00 00:00:00', '2010-04-07 08:27:55', 10),
(1445, 44, 8, 0, 0, '0000-00-00 00:00:00', '2010-04-07 08:27:55', 10),
(1446, 6, 8, 149441, NULL, '0000-00-00 00:00:00', '2010-04-07 09:23:10', 9),
(1447, 7, 8, 3, NULL, '0000-00-00 00:00:00', '2010-04-07 09:23:11', 9),
(1448, 35, 1, 5, 3, '0000-00-00 00:00:00', '2010-05-02 01:58:58', 7),
(1449, 1, 3, 7.5, 6.7, '0000-00-00 00:00:00', '2010-06-30 03:49:19', 10),
(1450, 33, 3, NULL, NULL, '0000-00-00 00:00:00', '2010-04-17 14:44:28', 10),
(1451, 35, 3, 0.57, 0.56, '0000-00-00 00:00:00', '2010-06-30 03:49:19', 10),
(1452, 47, 3, 11, 10, '0000-00-00 00:00:00', '2010-06-30 03:49:19', 10),
(1453, 45, 1, 0, NULL, '0000-00-00 00:00:00', '2010-05-02 01:58:58', 7),
(1454, 4, 1, NULL, 44, '0000-00-00 00:00:00', '2010-06-17 11:24:55', 3),
(1455, 10, 1, NULL, 33, '0000-00-00 00:00:00', '2010-06-17 11:24:55', 3),
(1456, 43, 1, NULL, 1, '0000-00-00 00:00:00', '2010-06-17 11:24:55', 3),
(1457, 40, 1, NULL, 3, '0000-00-00 00:00:00', '2010-06-17 11:24:55', 3),
(1458, 41, 1, NULL, 2, '0000-00-00 00:00:00', '2010-06-17 11:24:55', 3),
(1459, 42, 1, NULL, 4, '0000-00-00 00:00:00', '2010-06-17 11:24:55', 3),
(1460, 37, 1, 3, NULL, '0000-00-00 00:00:00', '2010-06-17 11:25:40', 7),
(1461, 38, 1, 4, NULL, '0000-00-00 00:00:00', '2010-06-17 11:25:40', 7),
(1462, 20, 8, NULL, 115, '0000-00-00 00:00:00', '2010-06-26 00:49:02', 19),
(1463, 22, 8, NULL, 100, '0000-00-00 00:00:00', '2010-06-26 00:49:02', 19),
(1464, 25, 8, NULL, 1, '0000-00-00 00:00:00', '2010-06-26 00:49:02', 19),
(1465, 26, 8, NULL, 1, '0000-00-00 00:00:00', '2010-06-26 00:49:02', 19),
(1466, 27, 8, NULL, 5, '0000-00-00 00:00:00', '2010-06-26 00:49:02', 19),
(1467, 1, 8, NULL, 8.5, '0000-00-00 00:00:00', '2010-06-26 00:51:44', 19),
(1468, 2, 8, NULL, 1, '0000-00-00 00:00:00', '2010-06-26 00:51:44', 19),
(1469, 3, 8, NULL, 1, '0000-00-00 00:00:00', '2010-06-26 00:51:44', 19),
(1470, 9, 8, NULL, 1.5, '0000-00-00 00:00:00', '2010-06-26 00:51:44', 19),
(1471, 28, 8, NULL, 30, '0000-00-00 00:00:00', '2010-06-26 00:51:44', 19),
(1472, 29, 8, NULL, 65, '0000-00-00 00:00:00', '2010-06-26 00:51:44', 19),
(1473, 30, 8, NULL, 90, '0000-00-00 00:00:00', '2010-06-26 00:51:44', 19),
(1474, 32, 8, NULL, 30, '0000-00-00 00:00:00', '2010-06-26 00:51:44', 19),
(1475, 33, 8, NULL, 23, '0000-00-00 00:00:00', '2010-06-26 00:51:44', 19),
(1476, 35, 8, NULL, 90, '0000-00-00 00:00:00', '2010-06-26 00:51:44', 19),
(1477, 47, 8, NULL, 1, '0000-00-00 00:00:00', '2010-06-26 00:51:44', 19),
(1478, 6, 8, NULL, 85000, '0000-00-00 00:00:00', '2010-06-26 00:57:49', 19),
(1479, 5, 8, NULL, 4, '0000-00-00 00:00:00', '2010-06-26 00:55:06', 19),
(1480, 8, 8, NULL, 1, '0000-00-00 00:00:00', '2010-06-26 00:55:06', 19),
(1481, 37, 8, NULL, 10, '0000-00-00 00:00:00', '2010-06-26 00:55:06', 19),
(1482, 38, 8, NULL, 5, '0000-00-00 00:00:00', '2010-06-26 00:55:06', 19),
(1483, 4, 8, NULL, 5, '0000-00-00 00:00:00', '2010-06-26 02:25:19', 19),
(1484, 10, 8, NULL, 6, '0000-00-00 00:00:00', '2010-06-26 02:25:19', 19),
(1485, 40, 8, NULL, 4, '0000-00-00 00:00:00', '2010-06-26 02:25:19', 19),
(1486, 41, 8, NULL, 0, '0000-00-00 00:00:00', '2010-06-26 02:25:19', 19),
(1487, 42, 8, NULL, 40, '0000-00-00 00:00:00', '2010-06-26 02:25:19', 19),
(1488, 43, 8, NULL, 1, '0000-00-00 00:00:00', '2010-06-26 02:25:19', 19),
(1489, 13, 8, NULL, 2, '0000-00-00 00:00:00', '2010-06-26 00:56:26', 19),
(1490, 14, 8, NULL, 2, '0000-00-00 00:00:00', '2010-06-26 00:56:26', 19),
(1491, 15, 8, NULL, 200, '0000-00-00 00:00:00', '2010-06-26 00:56:26', 19),
(1492, 16, 8, NULL, 0, '0000-00-00 00:00:00', '2010-06-26 00:56:26', 19),
(1493, 18, 8, NULL, 0, '0000-00-00 00:00:00', '2010-06-26 00:56:26', 19),
(1494, 36, 8, NULL, 60, '0000-00-00 00:00:00', '2010-06-26 00:56:26', 19),
(1495, 45, 8, NULL, 0, '0000-00-00 00:00:00', '2010-06-26 00:56:26', 19),
(1496, 46, 8, NULL, 0, '0000-00-00 00:00:00', '2010-06-26 00:56:26', 19),
(1497, 49, 8, NULL, 10000, '0000-00-00 00:00:00', '2010-06-26 00:56:26',
19),
(1498, 7, 8, NULL, 27000, '0000-00-00 00:00:00', '2010-06-26 00:57:49', 19),
(1499, 48, 8, NULL, 3, '0000-00-00 00:00:00', '2010-06-26 00:57:49', 19),
(1500, 12, 8, NULL, 100000, '0000-00-00 00:00:00', '2010-06-26 00:57:36',
19),
(1501, 19, 8, NULL, 100, '0000-00-00 00:00:00', '2010-06-26 00:57:36', 19),
(1502, 21, 8, NULL, 2, '0000-00-00 00:00:00', '2010-06-26 00:57:36', 19),
(1503, 34, 8, NULL, 1, '0000-00-00 00:00:00', '2010-06-26 00:57:36', 19),
(1504, 44, 8, NULL, 0, '0000-00-00 00:00:00', '2010-06-26 00:57:36', 19),
(1505, 6, 3, NULL, 3500000, '0000-00-00 00:00:00', '2010-06-27 05:32:04',
19),
(1506, 7, 3, NULL, 8, '0000-00-00 00:00:00', '2010-06-27 05:32:04', 19),
(1507, 48, 3, NULL, 100, '0000-00-00 00:00:00', '2010-06-27 05:32:04', 19),
(1508, 18, 3, NULL, 0, '0000-00-00 00:00:00', '2010-07-01 07:14:43', 19),
(1509, 43, 3, NULL, 1, '0000-00-00 00:00:00', '2010-07-01 00:09:05', 19),
(1510, 44, 3, 0, 1, '0000-00-00 00:00:00', '2010-07-01 07:49:13', 19);
INSERT INTO `detail_tracking` (`id`, `kpi`, `lc`, `actual`, `target`,
`created`, `updated`, `quarter`) VALUES
(1511, 45, 3, NULL, 0, '0000-00-00 00:00:00', '2010-07-01 07:14:43', 19),
(1512, 6, 3, NULL, 3600000, '0000-00-00 00:00:00', '2010-06-27 05:39:30',
10),
(1513, 44, 3, NULL, 0, '0000-00-00 00:00:00', '2010-06-27 05:39:30', 10),
(1514, 7, 3, NULL, 8, '0000-00-00 00:00:00', '2010-06-27 05:39:30', 10),
(1515, 28, 3, 72, NULL, '0000-00-00 00:00:00', '2010-06-30 03:49:19', 10),
(1516, 29, 3, 72, NULL, '0000-00-00 00:00:00', '2010-06-30 03:49:19', 10),
(1517, 1, 3, 6.7, 6.7, '0000-00-00 00:00:00', '2010-06-30 06:47:59', 19),
(1518, 2, 3, 3, 3, '0000-00-00 00:00:00', '2010-06-30 06:47:59', 19),
(1519, 3, 3, 0, 0, '0000-00-00 00:00:00', '2010-06-30 06:47:59', 19),
(1520, 9, 3, 0, 0, '0000-00-00 00:00:00', '2010-06-30 06:47:59', 19),
(1521, 28, 3, 100, 100, '0000-00-00 00:00:00', '2010-06-30 06:47:59', 19),
(1522, 29, 3, 100, 100, '0000-00-00 00:00:00', '2010-06-30 06:47:59', 19),
(1523, 30, 3, 100, 100, '0000-00-00 00:00:00', '2010-06-30 06:47:59', 19),
(1524, 32, 3, 45, 42, '0000-00-00 00:00:00', '2010-06-30 06:47:59', 19),
(1525, 33, 3, 30, 30, '0000-00-00 00:00:00', '2010-06-30 06:47:59', 19),
(1526, 47, 3, 3, 3, '0000-00-00 00:00:00', '2010-06-30 06:47:59', 19),
(1527, 1, 3, 6.7, 6.7, '0000-00-00 00:00:00', '2010-06-30 06:48:38', 20),
(1528, 2, 3, 0, 0, '0000-00-00 00:00:00', '2010-06-30 06:48:38', 20),
(1529, 3, 3, 3, 3, '0000-00-00 00:00:00', '2010-06-30 06:48:38', 20),
(1530, 9, 3, 1.5, 1.5, '0000-00-00 00:00:00', '2010-06-30 06:48:38', 20),
(1531, 28, 3, 80, 80, '0000-00-00 00:00:00', '2010-06-30 06:48:38', 20),
(1532, 29, 3, 80, 80, '0000-00-00 00:00:00', '2010-06-30 06:48:38', 20),
(1533, 30, 3, 85, 85, '0000-00-00 00:00:00', '2010-06-30 06:48:38', 20),
(1534, 32, 3, 81, 81, '0000-00-00 00:00:00', '2010-06-30 06:48:38', 20),
(1535, 33, 3, 30, 30, '0000-00-00 00:00:00', '2010-06-30 06:48:38', 20),
(1536, 47, 3, 0, 0, '0000-00-00 00:00:00', '2010-06-30 06:48:38', 20),
(1537, 1, 3, 7.5, 7.5, '0000-00-00 00:00:00', '2010-06-30 06:50:17', 21),
(1538, 2, 3, 7, 7, '0000-00-00 00:00:00', '2010-06-30 06:50:17', 21),
(1539, 3, 3, 24, 24, '0000-00-00 00:00:00', '2010-06-30 06:50:17', 21),
(1540, 9, 3, 1.6, 1.6, '0000-00-00 00:00:00', '2010-06-30 06:50:17', 21),
(1541, 28, 3, 50, 50, '0000-00-00 00:00:00', '2010-06-30 06:50:17', 21),
(1542, 29, 3, 60, 60, '0000-00-00 00:00:00', '2010-06-30 06:50:17', 21),
(1543, 30, 3, 85, 80, '0000-00-00 00:00:00', '2010-06-30 06:50:17', 21),
(1544, 32, 3, 79, 79, '0000-00-00 00:00:00', '2010-06-30 06:50:17', 21),
(1545, 33, 3, 30, 30, '0000-00-00 00:00:00', '2010-06-30 06:50:17', 21),
(1546, 47, 3, 16, 16, '0000-00-00 00:00:00', '2010-06-30 06:50:17', 21),
(1547, 1, 3, 7.5, 7.5, '0000-00-00 00:00:00', '2010-06-30 06:50:29', 22),
(1548, 2, 3, 0, 0, '0000-00-00 00:00:00', '2010-06-30 06:50:29', 22),
(1549, 3, 3, 0, 0, '0000-00-00 00:00:00', '2010-06-30 06:50:29', 22),
(1550, 9, 3, 1.6, 1.6, '0000-00-00 00:00:00', '2010-06-30 06:50:29', 22),
(1551, 28, 3, 60, 60, '0000-00-00 00:00:00', '2010-06-30 06:50:29', 22),
(1552, 29, 3, 60, 60, '0000-00-00 00:00:00', '2010-06-30 06:50:29', 22),
(1553, 30, 3, 80, 80, '0000-00-00 00:00:00', '2010-06-30 06:50:29', 22),
(1554, 32, 3, 51, 51, '0000-00-00 00:00:00', '2010-06-30 06:50:29', 22),
(1555, 33, 3, 0, 0, '0000-00-00 00:00:00', '2010-06-30 06:50:29', 22),
(1556, 47, 3, 0, 0, '0000-00-00 00:00:00', '2010-06-30 06:50:29', 22),
(1557, 35, 3, NULL, 0.92, '0000-00-00 00:00:00', '2010-06-30 06:47:59', 19),
(1558, 35, 3, NULL, 0.22, '0000-00-00 00:00:00', '2010-06-30 06:48:38', 20),
(1559, 35, 3, NULL, 0.58, '0000-00-00 00:00:00', '2010-06-30 06:50:17', 21),
(1560, 35, 3, NULL, 0.74, '0000-00-00 00:00:00', '2010-06-30 06:50:29', 22),
(1561, 4, 3, NULL, 9, '0000-00-00 00:00:00', '2010-07-01 00:09:05', 19),
(1562, 10, 3, NULL, 18, '0000-00-00 00:00:00', '2010-07-01 00:09:05', 19),
(1563, 40, 3, NULL, 16, '0000-00-00 00:00:00', '2010-07-01 00:09:05', 19),
(1564, 42, 3, NULL, 45, '0000-00-00 00:00:00', '2010-07-01 00:09:05', 19),
(1565, 4, 3, NULL, 13, '0000-00-00 00:00:00', '2010-07-01 00:09:16', 20),
(1566, 10, 3, NULL, 28, '0000-00-00 00:00:00', '2010-07-01 00:09:16', 20),
(1567, 40, 3, NULL, 20, '0000-00-00 00:00:00', '2010-07-01 00:09:16', 20),
(1568, 42, 3, NULL, 65, '0000-00-00 00:00:00', '2010-07-01 00:09:16', 20),
(1569, 43, 3, NULL, 1, '0000-00-00 00:00:00', '2010-07-01 00:09:16', 20),
(1570, 4, 3, NULL, 22, '0000-00-00 00:00:00', '2010-07-01 00:09:26', 21),
(1571, 10, 3, NULL, 15, '0000-00-00 00:00:00', '2010-07-01 00:09:26', 21),
(1572, 40, 3, NULL, 17, '0000-00-00 00:00:00', '2010-07-01 00:09:26', 21),
(1573, 42, 3, NULL, 50, '0000-00-00 00:00:00', '2010-07-01 00:09:26', 21),
(1574, 43, 3, NULL, 1, '0000-00-00 00:00:00', '2010-07-01 00:09:26', 21),
(1575, 4, 3, NULL, 16, '0000-00-00 00:00:00', '2010-07-01 02:03:11', 22),
(1576, 10, 3, NULL, 16, '0000-00-00 00:00:00', '2010-07-01 02:03:11', 22),
(1577, 40, 3, NULL, 13, '0000-00-00 00:00:00', '2010-07-01 02:03:12', 22),
(1578, 42, 3, NULL, 85, '0000-00-00 00:00:00', '2010-07-01 02:03:12', 22),
(1579, 43, 3, NULL, 1, '0000-00-00 00:00:00', '2010-07-01 02:03:12', 22),
(1580, 21, 3, 0, 6, '0000-00-00 00:00:00', '2010-07-01 07:49:13', 19),
(1581, 21, 3, 0, 6, '0000-00-00 00:00:00', '2010-07-01 07:49:31', 20),
(1582, 44, 3, 0, 1, '0000-00-00 00:00:00', '2010-07-01 07:49:31', 20),
(1583, 12, 3, 0, 31000, '0000-00-00 00:00:00', '2010-07-01 07:49:31', 20),
(1584, 12, 3, 0, 418000, '0000-00-00 00:00:00', '2010-07-01 07:49:13', 19),
(1585, 12, 3, 0, 2066000, '0000-00-00 00:00:00', '2010-07-01 07:49:54', 21),
(1586, 21, 3, 0, 7, '0000-00-00 00:00:00', '2010-07-01 07:49:54', 21),
(1587, 34, 3, 0, 0, '0000-00-00 00:00:00', '2010-07-01 07:49:54', 21),
(1588, 44, 3, 0, 0, '0000-00-00 00:00:00', '2010-07-01 07:49:54', 21),
(1589, 12, 3, 0, 283000, '0000-00-00 00:00:00', '2010-07-01 07:50:29', 22),
(1590, 19, 3, 0, NULL, '0000-00-00 00:00:00', '2010-07-01 07:50:29', 22),
(1591, 21, 3, 0, 4, '0000-00-00 00:00:00', '2010-07-01 07:50:29', 22),
(1592, 34, 3, 0, 0, '0000-00-00 00:00:00', '2010-07-01 07:50:29', 22),
(1593, 44, 3, 0, 0, '0000-00-00 00:00:00', '2010-07-01 07:50:29', 22),
(1594, 34, 3, 0, 1, '0000-00-00 00:00:00', '2010-07-01 07:49:31', 20),
(1595, 34, 3, 0, 0, '0000-00-00 00:00:00', '2010-07-01 07:49:13', 19),
(1596, 34, 2, NULL, 2, '0000-00-00 00:00:00', '2010-06-30 12:03:19', 7),
(1597, 43, 2, NULL, 0, '0000-00-00 00:00:00', '2010-06-30 12:03:19', 7),
(1598, 44, 2, NULL, 0, '0000-00-00 00:00:00', '2010-06-30 12:03:19', 7),
(1599, 45, 2, NULL, 0, '0000-00-00 00:00:00', '2010-06-30 12:03:19', 7),
(1600, 1, 7, NULL, 75, '0000-00-00 00:00:00', '2010-06-30 13:19:33', 19),
(1601, 2, 7, NULL, 1, '0000-00-00 00:00:00', '2010-06-30 13:19:33', 19),
(1602, 3, 7, NULL, 4, '0000-00-00 00:00:00', '2010-06-30 13:19:33', 19),
(1603, 9, 7, NULL, 0, '0000-00-00 00:00:00', '2010-06-30 13:19:33', 19),
(1604, 28, 7, NULL, 21.6, '0000-00-00 00:00:00', '2010-06-30 13:19:33', 19),
(1605, 29, 7, NULL, 42.8, '0000-00-00 00:00:00', '2010-06-30 13:19:33', 19),
(1606, 30, 7, NULL, 73, '0000-00-00 00:00:00', '2010-06-30 13:19:33', 19),
(1607, 32, 7, NULL, 28, '0000-00-00 00:00:00', '2010-06-30 13:19:33', 19),
(1608, 33, 7, NULL, 0, '0000-00-00 00:00:00', '2010-06-30 13:19:33', 19),
(1609, 35, 7, NULL, 1.107, '0000-00-00 00:00:00', '2010-06-30 13:19:33',
19),
(1610, 47, 7, NULL, 6, '0000-00-00 00:00:00', '2010-06-30 13:19:33', 19),
(1611, 41, 3, NULL, 3, '0000-00-00 00:00:00', '2010-07-01 00:09:05', 19),
(1612, 41, 3, NULL, 6, '0000-00-00 00:00:00', '2010-07-01 00:09:16', 20),
(1613, 41, 3, NULL, 4, '0000-00-00 00:00:00', '2010-07-01 00:09:26', 21),
(1614, 41, 3, NULL, 5, '0000-00-00 00:00:00', '2010-07-01 02:03:12', 22),
(1615, 5, 7, 9, NULL, '0000-00-00 00:00:00', '2010-07-01 04:35:48', 10),
(1616, 8, 7, 26, NULL, '0000-00-00 00:00:00', '2010-07-01 04:35:48', 10),
(1617, 37, 7, 35, NULL, '0000-00-00 00:00:00', '2010-07-01 04:35:48', 10),
(1618, 38, 7, 20, NULL, '0000-00-00 00:00:00', '2010-07-01 04:35:48', 10),
(1619, 14, 3, NULL, 6, '0000-00-00 00:00:00', '2010-07-01 07:14:43', 19),
(1620, 15, 3, NULL, 5750, '0000-00-00 00:00:00', '2010-07-01 07:14:43', 19),
(1621, 36, 3, NULL, 143, '0000-00-00 00:00:00', '2010-07-01 07:14:43', 19),
(1622, 5, 3, NULL, 30, '0000-00-00 00:00:00', '2010-07-01 09:31:16', 19),
(1623, 8, 3, NULL, 7, '0000-00-00 00:00:00', '2010-07-01 09:31:16', 19),
(1624, 37, 3, NULL, 46, '0000-00-00 00:00:00', '2010-07-01 09:31:16', 19),
(1625, 38, 3, NULL, 16, '0000-00-00 00:00:00', '2010-07-01 09:31:16', 19),
(1626, 5, 3, NULL, 5, '0000-00-00 00:00:00', '2010-07-01 09:32:50', 20),
(1627, 8, 3, NULL, 28, '0000-00-00 00:00:00', '2010-07-01 09:32:50', 20),
(1628, 37, 3, NULL, 17, '0000-00-00 00:00:00', '2010-07-01 09:32:50', 20),
(1629, 38, 3, NULL, 17, '0000-00-00 00:00:00', '2010-07-01 09:32:50', 20),
(1630, 5, 3, NULL, 24, '0000-00-00 00:00:00', '2010-07-01 09:33:22', 21),
(1631, 8, 3, NULL, 57, '0000-00-00 00:00:00', '2010-07-01 09:33:22', 21),
(1632, 37, 3, NULL, 54, '0000-00-00 00:00:00', '2010-07-01 09:33:22', 21),
(1633, 38, 3, NULL, 14, '0000-00-00 00:00:00', '2010-07-01 09:33:22', 21),
(1634, 5, 3, NULL, 22, '0000-00-00 00:00:00', '2010-07-01 09:34:16', 22),
(1635, 8, 3, NULL, 30, '0000-00-00 00:00:00', '2010-07-01 09:34:16', 22),
(1636, 37, 3, NULL, 30, '0000-00-00 00:00:00', '2010-07-01 09:34:16', 22),
(1637, 38, 3, NULL, 46, '0000-00-00 00:00:00', '2010-07-01 09:34:16', 22),
(1638, 37, 3, 62, NULL, '0000-00-00 00:00:00', '2010-07-01 09:41:46', 10),
(1639, 36, 3, 133, 157, '0000-00-00 00:00:00', '2010-07-01 09:44:12', 10),
(1640, 5, 7, NULL, 30, '0000-00-00 00:00:00', '2010-07-01 10:54:45', 19),
(1641, 8, 7, NULL, 2, '0000-00-00 00:00:00', '2010-07-01 10:54:45', 19),
(1642, 37, 7, NULL, 22, '0000-00-00 00:00:00', '2010-07-01 10:54:45', 19),
(1643, 38, 7, NULL, 13, '0000-00-00 00:00:00', '2010-07-01 10:54:45', 19);

-- --------------------------------------------------------

--
-- Table structure for table `graphs`
--

CREATE TABLE IF NOT EXISTS `graphs` (
  `id` int(11) NOT NULL AUTO_INCREMENT,
  `name` varchar(48) NOT NULL,
  `description` varchar(48) NOT NULL,
  PRIMARY KEY (`id`)
) ENGINE=MyISAM  DEFAULT CHARSET=latin1 AUTO_INCREMENT=6 ;

--
-- Dumping data for table `graphs`
--

INSERT INTO `graphs` (`id`, `name`, `description`) VALUES
(1, 'Line Chart', ''),
(2, 'Bar Chart', ''),
(3, 'Pie Chart', 'use in combination with percentile KPI'),
(4, 'Meter', ''),
(5, 'Line on Bar Chart', '');

-- --------------------------------------------------------

--
-- Table structure for table `kpis`
--

CREATE TABLE IF NOT EXISTS `kpis` (
  `id` int(10) unsigned NOT NULL AUTO_INCREMENT,
  `name` varchar(100) CHARACTER SET latin1 COLLATE latin1_general_ci NOT
NULL,
  `description` varchar(100) CHARACTER SET latin1 COLLATE latin1_general_ci
DEFAULT NULL,
  `created` datetime NOT NULL,
  `updated` datetime NOT NULL,
  `area` int(10) unsigned DEFAULT NULL,
  `csf` int(10) unsigned DEFAULT NULL,
  `kpi_unit` int(10) NOT NULL COMMENT 'odkaz na jednotku',
  `graphs` int(10) NOT NULL,
  `end_of_term` int(10) NOT NULL,
  `all_lcs` int(10) NOT NULL,
  `in_bsc` int(1) NOT NULL,
  PRIMARY KEY (`id`),
  KEY `kpi_unit` (`kpi_unit`),
  KEY `kpi_unit_2` (`kpi_unit`)
) ENGINE=InnoDB  DEFAULT CHARSET=utf8 COLLATE=utf8_bin AUTO_INCREMENT=50 ;

--
-- Dumping data for table `kpis`
--

INSERT INTO `kpis` (`id`, `name`, `description`, `created`, `updated`,
`area`, `csf`, `kpi_unit`, `graphs`, `end_of_term`, `all_lcs`, `in_bsc`)
VALUES
(1, 'Quality index performance', 'Number of stars -  Quality Of the
Experiences z myaiesec.net', '2009-09-01 18:16:24', '2010-03-14 00:36:15',
8, 1, 0, 5, 2, 2, 1),
(2, 'Number of members that finished both X & LR experiences in the period',
'', '2009-09-01 18:17:04', '2010-03-14 00:35:39', 8, 1, 0, 2, 1, 1, 1),
(3, 'Number of members with leadership experience finished in the period',
'', '2009-09-01 18:17:46', '2009-09-01 19:18:56', 8, 2, 0, 2, 1, 1, 1),
(4, 'Number of TN realized', '', '2009-09-01 18:18:37', '2010-01-17
04:04:03', 6, 3, 0, 2, 1, 1, 1),
(5, 'Number of EP realized', '', '2009-09-01 18:18:59', '2010-01-17
04:04:44', 7, 3, 0, 2, 1, 1, 1),
(6, 'Real state of finance', '=cash + receivables - liabilities',
'2009-09-01 18:22:04', '2009-09-01 19:19:19', 4, 4, 4, 1, 2, 2, 1),
(7, 'Number of months of reserve', ' = (cash + receivables -
liabilities)/average monthly outflow', '2009-09-01 18:22:43', '2009-09-01
19:19:26', 4, 4, 7, 1, 2, 2, 1),
(8, 'Number of EP Raised', '', '2009-09-01 18:23:34', '2010-01-17 04:14:39',
7, 5, 0, 2, 1, 1, 1),
(9, 'Average applicants for leadership positions in the period', '= total
number of applicants / total number of positions', '2009-09-01 18:24:27',
'2010-01-17 04:15:46', 8, 5, 0, 1, 2, 2, 1),
(10, 'Number of TN Raised', '', '2009-09-01 18:24:55', '2009-09-01
19:25:14', 6, 6, 0, 2, 1, 1, 1),
(12, 'Amount of money from CR products', 'Only money (no barters, inkind
etc.)', '2009-09-01 18:26:58', '2010-01-17 04:45:03', 5, 6, 4, 2, 1, 1, 1),
(13, 'Number of cooperations with Uni, City or individual Alumni donations
and partnerships thanks Alumni ', '', '2009-09-01 18:27:31', '2010-03-14
01:35:45', 9, 6, 0, 2, 1, 1, 1),
(14, 'Number of media appearances', 'All media appearences - Newton',
'2009-09-01 18:29:33', '2009-09-01 19:26:00', 9, 7, 0, 2, 1, 1, 1),
(15, 'Number of visitors in your local/national website', '', '2009-09-01
18:30:46', '2009-09-01 19:26:10', 9, 7, 0, 1, 1, 1, 1),
(16, '% students aware of our activities, competetive analysis - GSS', '',
'2009-09-01 18:31:55', '2010-03-09 08:44:29', 9, 7, 3, 2, 3, 2, 1),
(18, 'Do you run a brand audit amoung students at least once a year?', '',
'2009-09-01 18:35:08', '2010-03-09 09:40:10', 9, 8, 5, 0, 4, 4, 1),
(19, 'Retention rate of CR partners (= Employer Branding, TD products)', '',
'2009-09-01 18:40:00', '2010-01-17 04:58:29', 5, 9, 3, 1, 2, 2, 1),
(20, 'Number of alumni with up to date information in database (contacts,
current organization and positio', '', '2009-09-01 18:40:56', '2009-09-01
19:26:59', 10, 9, 0, 1, 1, 1, 1),
(21, 'Number of partners participating in Talent Development, Empl.Branding
Products', '', '2009-09-01 18:41:51', '2010-03-09 08:56:18', 5, 6, 0, 1, 1,
1, 1),
(22, '% of organizational goals achieved (LC plan - 2012 goals) - plan of
this measure is 100%', '', '2009-09-01 18:42:43', '2010-01-17 05:00:54', 10,
10, 3, 1, 2, 2, 1),
(25, 'Do you have the external body that holds you accountable to your
plan?', '', '2009-09-01 18:45:19', '2010-03-09 10:05:21', 10, 12, 5, 0, 3,
0, 1),
(26, 'Internal reporting on place (tracking according to vision 2012)', '',
'2009-09-01 18:45:56', '2010-03-09 10:05:42', 10, 12, 5, 0, 3, 0, 1),
(27, '% IT responsible / No. of members', '', '2009-09-01 18:46:54',
'2010-01-17 05:06:46', 10, 13, 3, 1, 3, 2, 1),
(28, 'Retention rate of members recruited 12 - 18 months ago', '',
'2009-09-01 18:47:28', '2010-01-17 05:07:28', 8, 14, 3, 1, 2, 2, 1),
(29, 'Retention rate of members recruited 6 - 12 months ago', '',
'2009-09-01 18:48:14', '2010-01-17 05:07:41', 8, 14, 3, 1, 3, 3, 1),
(30, 'Retention rate of members recruited 0 - 6 months ago', '', '2009-09-01
18:48:37', '2010-01-17 05:07:55', 8, 14, 3, 1, 2, 2, 1),
(32, 'Number of members (= members with JD)', '', '2009-09-01 18:51:28',
'2010-01-16 16:42:14', 8, 15, 0, 1, 2, 1, 1),
(33, '% New members Applicants / recruited', '', '2009-09-01 18:52:07',
'2010-05-22 16:34:21', 8, 15, 3, 4, 2, 2, 1),
(34, 'Number of partners with TD+X products', '', '2010-03-09 08:23:33',
'2010-03-09 08:39:01', 5, 1, 0, 1, 1, 1, 1),
(35, 'Members efficiency (=exchange/members)', '', '2010-03-09 08:34:47',
'2010-03-09 08:35:25', 8, 4, 0, 1, 3, 2, 1),
(36, 'Number of applicants for AIESEC (EPs, newies) in the period', '',
'2010-03-09 08:43:12', '0000-00-00 00:00:00', 9, 7, 0, 2, 1, 1, 1),
(37, 'Number of EP Acceptance Notes', '', '2010-03-09 08:47:02', '0000-00-00
00:00:00', 7, 16, 0, 2, 1, 1, 1),
(38, 'Number of matched EPs', '', '2010-03-09 08:49:57', '0000-00-00
00:00:00', 7, 16, 0, 2, 1, 1, 1),
(40, 'Number of matched TNs', '', '2010-03-09 08:51:26', '0000-00-00
00:00:00', 6, 16, 0, 2, 1, 1, 1),
(41, 'Number of re-signed TNs (companies with contract in last 2 years)',
'', '2010-03-09 08:58:20', '0000-00-00 00:00:00', 6, 9, 0, 2, 1, 1, 1),
(42, 'Number of selling meetings at new companies (TN + CR)', '',
'2010-03-09 09:05:59', '0000-00-00 00:00:00', 6, 9, 0, 1, 1, 1, 1),
(43, 'Has an ICX competitive analysis been done in the last 3 months?', '',
'2010-03-09 09:31:35', '2010-03-09 10:22:37', 6, 8, 5, 1, 4, 4, 1),
(44, 'Has a competitive analysis in CR area been done in the last 12
months?', '', '2010-03-09 09:36:35', '2010-03-09 10:23:02', 5, 8, 5, 0, 4,
0, 1),
(45, 'Do you run a brand audit amoung companies at least once a year? ', '',
'2010-03-09 09:41:33', '2010-03-09 10:23:16', 9, 8, 5, 0, 4, 0, 1),
(46, 'How often do you run a competitive analysis - students? GSS', '',
'2010-03-09 09:58:55', '0000-00-00 00:00:00', 9, 8, 0, 0, 1, 1, 1),
(47, 'Members in H4TF', '', '2010-03-14 00:41:59', '0000-00-00 00:00:00', 8,
5, 0, 1, 1, 0, 1),
(48, 'Profit of projects', 'Profit of all projects', '2010-03-14 01:22:56',
'0000-00-00 00:00:00', 4, 4, 0, 1, 1, 1, 1),
(49, 'Amount of money from Uni, City or individual Alumni donations and
partnerships thanks to Alumni', '', '2010-04-22 06:27:39', '0000-00-00
00:00:00', 9, 6, 4, 1, 1, 1, 1);

-- --------------------------------------------------------

--
-- Table structure for table `kpi_units`
--

CREATE TABLE IF NOT EXISTS `kpi_units` (
  `id` int(10) NOT NULL AUTO_INCREMENT COMMENT 'PK',
  `name` varchar(50) COLLATE utf8_bin NOT NULL COMMENT 'jmeno jednotky',
  `description` varchar(100) COLLATE utf8_bin NOT NULL COMMENT 'popis
jednotky',
  `spec` varchar(100) COLLATE utf8_bin NOT NULL COMMENT 'specifikace prace s
jednotky',
  `created` timestamp NOT NULL DEFAULT CURRENT_TIMESTAMP COMMENT
'vytvoreno',
  `updated` datetime NOT NULL,
  PRIMARY KEY (`id`)
) ENGINE=InnoDB  DEFAULT CHARSET=utf8 COLLATE=utf8_bin COMMENT='jednotky ke
kpi' AUTO_INCREMENT=8 ;

--
-- Dumping data for table `kpi_units`
--

INSERT INTO `kpi_units` (`id`, `name`, `description`, `spec`, `created`,
`updated`) VALUES
(3, '%', 'represents percentage', '', '2009-09-01 17:12:00', '0000-00-00
00:00:00'),
(4, 'CZK', 'currency', '', '2009-09-01 17:12:11', '0000-00-00 00:00:00'),
(5, '', 'for yes/no', 'boolean', '2009-09-01 18:19:56', '2009-09-01
18:20:07'),
(6, 'days', 'represents count of days', '', '2009-09-01 18:20:29',
'0000-00-00 00:00:00'),
(7, 'months', 'represents months', '', '2009-09-01 18:20:47', '2009-09-01
18:21:02');

-- --------------------------------------------------------

--
-- Table structure for table `lcs`
--

CREATE TABLE IF NOT EXISTS `lcs` (
  `id` int(10) unsigned NOT NULL AUTO_INCREMENT,
  `name` varchar(45) CHARACTER SET utf8 COLLATE utf8_bin NOT NULL,
  `description` varchar(45) CHARACTER SET utf8 COLLATE utf8_bin NOT NULL,
  `created` datetime NOT NULL,
  `updated` datetime NOT NULL,
  PRIMARY KEY (`id`),
  KEY `id` (`id`)
) ENGINE=MyISAM  DEFAULT CHARSET=latin1 AUTO_INCREMENT=12 ;

--
-- Dumping data for table `lcs`
--

INSERT INTO `lcs` (`id`, `name`, `description`, `created`, `updated`) VALUES
(1, 'MC', 'Member Committee  Czech republic', '0000-00-00 00:00:00',
'0000-00-00 00:00:00'),
(2, 'Plzen', '', '0000-00-00 00:00:00', '2009-09-01 19:16:31'),
(3, 'Praha', '', '0000-00-00 00:00:00', '0000-00-00 00:00:00'),
(4, 'CZU Praha', '', '0000-00-00 00:00:00', '2009-09-01 19:16:35'),
(6, 'Olomouc', '', '0000-00-00 00:00:00', '2009-07-29 02:39:40'),
(7, 'Brno', '', '0000-00-00 00:00:00', '0000-00-00 00:00:00'),
(8, 'Ostrava', '', '0000-00-00 00:00:00', '0000-00-00 00:00:00'),
(9, 'Karvina', '', '0000-00-00 00:00:00', '2009-09-01 19:16:40'),
(10, 'Zlin', '', '0000-00-00 00:00:00', '2009-09-01 19:16:43');

-- --------------------------------------------------------

--
-- Table structure for table `lc_kpi`
--

CREATE TABLE IF NOT EXISTS `lc_kpi` (
  `id` int(10) unsigned NOT NULL AUTO_INCREMENT,
  `lc` int(10) unsigned NOT NULL,
  `kpi` int(10) unsigned NOT NULL,
  `created` datetime NOT NULL,
  `updated` datetime NOT NULL,
  PRIMARY KEY (`id`),
  KEY `lc_kpi_lc` (`lc`),
  KEY `lc_kpi_kpi` (`kpi`)
) ENGINE=InnoDB  DEFAULT CHARSET=utf8 COLLATE=utf8_bin COMMENT='vazebni
tabulka mezi lc a kpi' AUTO_INCREMENT=981 ;

--
-- Dumping data for table `lc_kpi`
--

INSERT INTO `lc_kpi` (`id`, `lc`, `kpi`, `created`, `updated`) VALUES
(21, 1, 3, '2009-09-01 19:18:56', '0000-00-00 00:00:00'),
(22, 2, 3, '2009-09-01 19:18:56', '0000-00-00 00:00:00'),
(23, 3, 3, '2009-09-01 19:18:56', '0000-00-00 00:00:00'),
(24, 4, 3, '2009-09-01 19:18:56', '0000-00-00 00:00:00'),
(25, 5, 3, '2009-09-01 19:18:56', '0000-00-00 00:00:00'),
(26, 6, 3, '2009-09-01 19:18:56', '0000-00-00 00:00:00'),
(27, 7, 3, '2009-09-01 19:18:56', '0000-00-00 00:00:00'),
(28, 8, 3, '2009-09-01 19:18:56', '0000-00-00 00:00:00'),
(29, 9, 3, '2009-09-01 19:18:56', '0000-00-00 00:00:00'),
(30, 10, 3, '2009-09-01 19:18:56', '0000-00-00 00:00:00'),
(51, 1, 6, '2009-09-01 19:19:19', '0000-00-00 00:00:00'),
(52, 2, 6, '2009-09-01 19:19:19', '0000-00-00 00:00:00'),
(53, 3, 6, '2009-09-01 19:19:19', '0000-00-00 00:00:00'),
(54, 4, 6, '2009-09-01 19:19:19', '0000-00-00 00:00:00'),
(55, 5, 6, '2009-09-01 19:19:19', '0000-00-00 00:00:00'),
(56, 6, 6, '2009-09-01 19:19:19', '0000-00-00 00:00:00'),
(57, 7, 6, '2009-09-01 19:19:19', '0000-00-00 00:00:00'),
(58, 8, 6, '2009-09-01 19:19:19', '0000-00-00 00:00:00'),
(59, 9, 6, '2009-09-01 19:19:19', '0000-00-00 00:00:00'),
(60, 10, 6, '2009-09-01 19:19:19', '0000-00-00 00:00:00'),
(61, 1, 7, '2009-09-01 19:19:26', '0000-00-00 00:00:00'),
(62, 2, 7, '2009-09-01 19:19:26', '0000-00-00 00:00:00'),
(63, 3, 7, '2009-09-01 19:19:26', '0000-00-00 00:00:00'),
(64, 4, 7, '2009-09-01 19:19:26', '0000-00-00 00:00:00'),
(65, 5, 7, '2009-09-01 19:19:26', '0000-00-00 00:00:00'),
(66, 6, 7, '2009-09-01 19:19:26', '0000-00-00 00:00:00'),
(67, 7, 7, '2009-09-01 19:19:26', '0000-00-00 00:00:00'),
(68, 8, 7, '2009-09-01 19:19:26', '0000-00-00 00:00:00'),
(69, 9, 7, '2009-09-01 19:19:26', '0000-00-00 00:00:00'),
(70, 10, 7, '2009-09-01 19:19:26', '0000-00-00 00:00:00'),
(91, 1, 10, '2009-09-01 19:25:14', '0000-00-00 00:00:00'),
(92, 2, 10, '2009-09-01 19:25:14', '0000-00-00 00:00:00'),
(93, 3, 10, '2009-09-01 19:25:14', '0000-00-00 00:00:00'),
(94, 4, 10, '2009-09-01 19:25:15', '0000-00-00 00:00:00'),
(95, 5, 10, '2009-09-01 19:25:15', '0000-00-00 00:00:00'),
(96, 6, 10, '2009-09-01 19:25:15', '0000-00-00 00:00:00'),
(97, 7, 10, '2009-09-01 19:25:15', '0000-00-00 00:00:00'),
(98, 8, 10, '2009-09-01 19:25:15', '0000-00-00 00:00:00'),
(99, 9, 10, '2009-09-01 19:25:15', '0000-00-00 00:00:00'),
(100, 10, 10, '2009-09-01 19:25:15', '0000-00-00 00:00:00'),
(131, 1, 14, '2009-09-01 19:26:00', '0000-00-00 00:00:00'),
(132, 2, 14, '2009-09-01 19:26:00', '0000-00-00 00:00:00'),
(133, 3, 14, '2009-09-01 19:26:00', '0000-00-00 00:00:00'),
(134, 4, 14, '2009-09-01 19:26:00', '0000-00-00 00:00:00'),
(135, 5, 14, '2009-09-01 19:26:00', '0000-00-00 00:00:00'),
(136, 6, 14, '2009-09-01 19:26:00', '0000-00-00 00:00:00'),
(137, 7, 14, '2009-09-01 19:26:00', '0000-00-00 00:00:00'),
(138, 8, 14, '2009-09-01 19:26:00', '0000-00-00 00:00:00'),
(139, 9, 14, '2009-09-01 19:26:00', '0000-00-00 00:00:00'),
(140, 10, 14, '2009-09-01 19:26:00', '0000-00-00 00:00:00'),
(141, 1, 15, '2009-09-01 19:26:10', '0000-00-00 00:00:00'),
(142, 2, 15, '2009-09-01 19:26:10', '0000-00-00 00:00:00'),
(143, 3, 15, '2009-09-01 19:26:10', '0000-00-00 00:00:00'),
(144, 4, 15, '2009-09-01 19:26:10', '0000-00-00 00:00:00'),
(145, 5, 15, '2009-09-01 19:26:10', '0000-00-00 00:00:00'),
(146, 6, 15, '2009-09-01 19:26:10', '0000-00-00 00:00:00'),
(147, 7, 15, '2009-09-01 19:26:10', '0000-00-00 00:00:00'),
(148, 8, 15, '2009-09-01 19:26:10', '0000-00-00 00:00:00'),
(149, 9, 15, '2009-09-01 19:26:10', '0000-00-00 00:00:00'),
(150, 10, 15, '2009-09-01 19:26:10', '0000-00-00 00:00:00'),
(191, 1, 20, '2009-09-01 19:26:59', '0000-00-00 00:00:00'),
(192, 2, 20, '2009-09-01 19:26:59', '0000-00-00 00:00:00'),
(193, 3, 20, '2009-09-01 19:26:59', '0000-00-00 00:00:00'),
(194, 4, 20, '2009-09-01 19:26:59', '0000-00-00 00:00:00'),
(195, 5, 20, '2009-09-01 19:26:59', '0000-00-00 00:00:00'),
(196, 6, 20, '2009-09-01 19:26:59', '0000-00-00 00:00:00'),
(197, 7, 20, '2009-09-01 19:26:59', '0000-00-00 00:00:00'),
(198, 8, 20, '2009-09-01 19:26:59', '0000-00-00 00:00:00'),
(199, 9, 20, '2009-09-01 19:26:59', '0000-00-00 00:00:00'),
(200, 10, 20, '2009-09-01 19:26:59', '0000-00-00 00:00:00'),
(375, 1, 32, '2010-01-16 16:42:14', '0000-00-00 00:00:00'),
(376, 2, 32, '2010-01-16 16:42:14', '0000-00-00 00:00:00'),
(377, 3, 32, '2010-01-16 16:42:14', '0000-00-00 00:00:00'),
(378, 4, 32, '2010-01-16 16:42:14', '0000-00-00 00:00:00'),
(379, 5, 32, '2010-01-16 16:42:14', '0000-00-00 00:00:00'),
(380, 6, 32, '2010-01-16 16:42:14', '0000-00-00 00:00:00'),
(381, 7, 32, '2010-01-16 16:42:14', '0000-00-00 00:00:00'),
(382, 8, 32, '2010-01-16 16:42:14', '0000-00-00 00:00:00'),
(383, 9, 32, '2010-01-16 16:42:14', '0000-00-00 00:00:00'),
(384, 10, 32, '2010-01-16 16:42:14', '0000-00-00 00:00:00'),
(445, 1, 4, '2010-01-17 04:04:03', '0000-00-00 00:00:00'),
(446, 2, 4, '2010-01-17 04:04:03', '0000-00-00 00:00:00'),
(447, 3, 4, '2010-01-17 04:04:03', '0000-00-00 00:00:00'),
(448, 4, 4, '2010-01-17 04:04:03', '0000-00-00 00:00:00'),
(449, 5, 4, '2010-01-17 04:04:03', '0000-00-00 00:00:00'),
(450, 6, 4, '2010-01-17 04:04:03', '0000-00-00 00:00:00'),
(451, 7, 4, '2010-01-17 04:04:03', '0000-00-00 00:00:00'),
(452, 8, 4, '2010-01-17 04:04:03', '0000-00-00 00:00:00'),
(453, 9, 4, '2010-01-17 04:04:03', '0000-00-00 00:00:00'),
(454, 10, 4, '2010-01-17 04:04:03', '0000-00-00 00:00:00'),
(455, 1, 5, '2010-01-17 04:04:44', '0000-00-00 00:00:00'),
(456, 2, 5, '2010-01-17 04:04:44', '0000-00-00 00:00:00'),
(457, 3, 5, '2010-01-17 04:04:44', '0000-00-00 00:00:00'),
(458, 4, 5, '2010-01-17 04:04:44', '0000-00-00 00:00:00'),
(459, 5, 5, '2010-01-17 04:04:44', '0000-00-00 00:00:00'),
(460, 6, 5, '2010-01-17 04:04:44', '0000-00-00 00:00:00'),
(461, 7, 5, '2010-01-17 04:04:44', '0000-00-00 00:00:00'),
(462, 8, 5, '2010-01-17 04:04:44', '0000-00-00 00:00:00'),
(463, 9, 5, '2010-01-17 04:04:44', '0000-00-00 00:00:00'),
(464, 10, 5, '2010-01-17 04:04:44', '0000-00-00 00:00:00'),
(465, 1, 8, '2010-01-17 04:14:39', '0000-00-00 00:00:00'),
(466, 2, 8, '2010-01-17 04:14:39', '0000-00-00 00:00:00'),
(467, 3, 8, '2010-01-17 04:14:39', '0000-00-00 00:00:00'),
(468, 4, 8, '2010-01-17 04:14:39', '0000-00-00 00:00:00'),
(469, 5, 8, '2010-01-17 04:14:39', '0000-00-00 00:00:00'),
(470, 6, 8, '2010-01-17 04:14:39', '0000-00-00 00:00:00'),
(471, 7, 8, '2010-01-17 04:14:39', '0000-00-00 00:00:00'),
(472, 8, 8, '2010-01-17 04:14:39', '0000-00-00 00:00:00'),
(473, 9, 8, '2010-01-17 04:14:39', '0000-00-00 00:00:00'),
(474, 10, 8, '2010-01-17 04:14:39', '0000-00-00 00:00:00'),
(475, 1, 9, '2010-01-17 04:15:46', '0000-00-00 00:00:00'),
(476, 2, 9, '2010-01-17 04:15:46', '0000-00-00 00:00:00'),
(477, 3, 9, '2010-01-17 04:15:46', '0000-00-00 00:00:00'),
(478, 4, 9, '2010-01-17 04:15:46', '0000-00-00 00:00:00'),
(479, 5, 9, '2010-01-17 04:15:46', '0000-00-00 00:00:00'),
(480, 6, 9, '2010-01-17 04:15:46', '0000-00-00 00:00:00'),
(481, 7, 9, '2010-01-17 04:15:46', '0000-00-00 00:00:00'),
(482, 8, 9, '2010-01-17 04:15:46', '0000-00-00 00:00:00'),
(483, 9, 9, '2010-01-17 04:15:46', '0000-00-00 00:00:00'),
(484, 10, 9, '2010-01-17 04:15:46', '0000-00-00 00:00:00'),
(485, 1, 12, '2010-01-17 04:45:03', '0000-00-00 00:00:00'),
(486, 2, 12, '2010-01-17 04:45:03', '0000-00-00 00:00:00'),
(487, 3, 12, '2010-01-17 04:45:03', '0000-00-00 00:00:00'),
(488, 4, 12, '2010-01-17 04:45:03', '0000-00-00 00:00:00'),
(489, 5, 12, '2010-01-17 04:45:03', '0000-00-00 00:00:00'),
(490, 6, 12, '2010-01-17 04:45:03', '0000-00-00 00:00:00'),
(491, 7, 12, '2010-01-17 04:45:03', '0000-00-00 00:00:00'),
(492, 8, 12, '2010-01-17 04:45:03', '0000-00-00 00:00:00'),
(493, 9, 12, '2010-01-17 04:45:03', '0000-00-00 00:00:00'),
(494, 10, 12, '2010-01-17 04:45:03', '0000-00-00 00:00:00'),
(505, 1, 19, '2010-01-17 04:58:29', '0000-00-00 00:00:00'),
(506, 2, 19, '2010-01-17 04:58:29', '0000-00-00 00:00:00'),
(507, 3, 19, '2010-01-17 04:58:29', '0000-00-00 00:00:00'),
(508, 4, 19, '2010-01-17 04:58:29', '0000-00-00 00:00:00'),
(509, 5, 19, '2010-01-17 04:58:29', '0000-00-00 00:00:00'),
(510, 6, 19, '2010-01-17 04:58:29', '0000-00-00 00:00:00'),
(511, 7, 19, '2010-01-17 04:58:29', '0000-00-00 00:00:00'),
(512, 8, 19, '2010-01-17 04:58:29', '0000-00-00 00:00:00'),
(513, 9, 19, '2010-01-17 04:58:29', '0000-00-00 00:00:00'),
(514, 10, 19, '2010-01-17 04:58:29', '0000-00-00 00:00:00'),
(515, 1, 22, '2010-01-17 05:00:54', '0000-00-00 00:00:00'),
(516, 2, 22, '2010-01-17 05:00:54', '0000-00-00 00:00:00'),
(517, 3, 22, '2010-01-17 05:00:54', '0000-00-00 00:00:00'),
(518, 4, 22, '2010-01-17 05:00:55', '0000-00-00 00:00:00'),
(519, 5, 22, '2010-01-17 05:00:55', '0000-00-00 00:00:00'),
(520, 6, 22, '2010-01-17 05:00:55', '0000-00-00 00:00:00'),
(521, 7, 22, '2010-01-17 05:00:55', '0000-00-00 00:00:00'),
(522, 8, 22, '2010-01-17 05:00:55', '0000-00-00 00:00:00'),
(523, 9, 22, '2010-01-17 05:00:55', '0000-00-00 00:00:00'),
(524, 10, 22, '2010-01-17 05:00:55', '0000-00-00 00:00:00'),
(565, 1, 27, '2010-01-17 05:06:46', '0000-00-00 00:00:00'),
(566, 2, 27, '2010-01-17 05:06:46', '0000-00-00 00:00:00'),
(567, 3, 27, '2010-01-17 05:06:46', '0000-00-00 00:00:00'),
(568, 4, 27, '2010-01-17 05:06:46', '0000-00-00 00:00:00'),
(569, 5, 27, '2010-01-17 05:06:46', '0000-00-00 00:00:00'),
(570, 6, 27, '2010-01-17 05:06:46', '0000-00-00 00:00:00'),
(571, 7, 27, '2010-01-17 05:06:46', '0000-00-00 00:00:00'),
(572, 8, 27, '2010-01-17 05:06:46', '0000-00-00 00:00:00'),
(573, 9, 27, '2010-01-17 05:06:46', '0000-00-00 00:00:00'),
(574, 10, 27, '2010-01-17 05:06:46', '0000-00-00 00:00:00'),
(575, 1, 28, '2010-01-17 05:07:28', '0000-00-00 00:00:00'),
(576, 2, 28, '2010-01-17 05:07:28', '0000-00-00 00:00:00'),
(577, 3, 28, '2010-01-17 05:07:28', '0000-00-00 00:00:00'),
(578, 4, 28, '2010-01-17 05:07:28', '0000-00-00 00:00:00'),
(579, 5, 28, '2010-01-17 05:07:28', '0000-00-00 00:00:00'),
(580, 6, 28, '2010-01-17 05:07:28', '0000-00-00 00:00:00'),
(581, 7, 28, '2010-01-17 05:07:28', '0000-00-00 00:00:00'),
(582, 8, 28, '2010-01-17 05:07:28', '0000-00-00 00:00:00'),
(583, 9, 28, '2010-01-17 05:07:28', '0000-00-00 00:00:00'),
(584, 10, 28, '2010-01-17 05:07:28', '0000-00-00 00:00:00'),
(585, 1, 29, '2010-01-17 05:07:41', '0000-00-00 00:00:00'),
(586, 2, 29, '2010-01-17 05:07:41', '0000-00-00 00:00:00'),
(587, 3, 29, '2010-01-17 05:07:41', '0000-00-00 00:00:00'),
(588, 4, 29, '2010-01-17 05:07:41', '0000-00-00 00:00:00'),
(589, 5, 29, '2010-01-17 05:07:41', '0000-00-00 00:00:00'),
(590, 6, 29, '2010-01-17 05:07:41', '0000-00-00 00:00:00'),
(591, 7, 29, '2010-01-17 05:07:41', '0000-00-00 00:00:00'),
(592, 8, 29, '2010-01-17 05:07:41', '0000-00-00 00:00:00'),
(593, 9, 29, '2010-01-17 05:07:41', '0000-00-00 00:00:00'),
(594, 10, 29, '2010-01-17 05:07:41', '0000-00-00 00:00:00'),
(595, 1, 30, '2010-01-17 05:07:55', '0000-00-00 00:00:00'),
(596, 2, 30, '2010-01-17 05:07:55', '0000-00-00 00:00:00'),
(597, 3, 30, '2010-01-17 05:07:55', '0000-00-00 00:00:00'),
(598, 4, 30, '2010-01-17 05:07:55', '0000-00-00 00:00:00'),
(599, 5, 30, '2010-01-17 05:07:55', '0000-00-00 00:00:00'),
(600, 6, 30, '2010-01-17 05:07:55', '0000-00-00 00:00:00'),
(601, 7, 30, '2010-01-17 05:07:55', '0000-00-00 00:00:00'),
(602, 8, 30, '2010-01-17 05:07:56', '0000-00-00 00:00:00'),
(603, 9, 30, '2010-01-17 05:07:56', '0000-00-00 00:00:00'),
(604, 10, 30, '2010-01-17 05:07:56', '0000-00-00 00:00:00'),
(625, 1, 35, '2010-03-09 08:35:25', '0000-00-00 00:00:00'),
(626, 2, 35, '2010-03-09 08:35:25', '0000-00-00 00:00:00'),
(627, 3, 35, '2010-03-09 08:35:25', '0000-00-00 00:00:00'),
(628, 4, 35, '2010-03-09 08:35:25', '0000-00-00 00:00:00'),
(629, 5, 35, '2010-03-09 08:35:25', '0000-00-00 00:00:00'),
(630, 6, 35, '2010-03-09 08:35:25', '0000-00-00 00:00:00'),
(631, 7, 35, '2010-03-09 08:35:25', '0000-00-00 00:00:00'),
(632, 8, 35, '2010-03-09 08:35:25', '0000-00-00 00:00:00'),
(633, 9, 35, '2010-03-09 08:35:25', '0000-00-00 00:00:00'),
(634, 10, 35, '2010-03-09 08:35:25', '0000-00-00 00:00:00'),
(635, 1, 34, '2010-03-09 08:39:01', '0000-00-00 00:00:00'),
(636, 2, 34, '2010-03-09 08:39:01', '0000-00-00 00:00:00'),
(637, 3, 34, '2010-03-09 08:39:01', '0000-00-00 00:00:00'),
(638, 4, 34, '2010-03-09 08:39:01', '0000-00-00 00:00:00'),
(639, 5, 34, '2010-03-09 08:39:01', '0000-00-00 00:00:00'),
(640, 6, 34, '2010-03-09 08:39:01', '0000-00-00 00:00:00'),
(641, 7, 34, '2010-03-09 08:39:01', '0000-00-00 00:00:00'),
(642, 8, 34, '2010-03-09 08:39:01', '0000-00-00 00:00:00'),
(643, 9, 34, '2010-03-09 08:39:01', '0000-00-00 00:00:00'),
(644, 10, 34, '2010-03-09 08:39:01', '0000-00-00 00:00:00'),
(685, 1, 36, '2010-03-09 08:43:12', '0000-00-00 00:00:00'),
(686, 2, 36, '2010-03-09 08:43:12', '0000-00-00 00:00:00'),
(687, 3, 36, '2010-03-09 08:43:12', '0000-00-00 00:00:00'),
(688, 4, 36, '2010-03-09 08:43:12', '0000-00-00 00:00:00'),
(689, 5, 36, '2010-03-09 08:43:12', '0000-00-00 00:00:00'),
(690, 6, 36, '2010-03-09 08:43:12', '0000-00-00 00:00:00'),
(691, 7, 36, '2010-03-09 08:43:12', '0000-00-00 00:00:00'),
(692, 8, 36, '2010-03-09 08:43:12', '0000-00-00 00:00:00'),
(693, 9, 36, '2010-03-09 08:43:12', '0000-00-00 00:00:00'),
(694, 10, 36, '2010-03-09 08:43:12', '0000-00-00 00:00:00'),
(695, 1, 16, '2010-03-09 08:44:29', '0000-00-00 00:00:00'),
(696, 2, 16, '2010-03-09 08:44:29', '0000-00-00 00:00:00'),
(697, 3, 16, '2010-03-09 08:44:29', '0000-00-00 00:00:00'),
(698, 4, 16, '2010-03-09 08:44:29', '0000-00-00 00:00:00'),
(699, 5, 16, '2010-03-09 08:44:29', '0000-00-00 00:00:00'),
(700, 6, 16, '2010-03-09 08:44:29', '0000-00-00 00:00:00'),
(701, 7, 16, '2010-03-09 08:44:29', '0000-00-00 00:00:00'),
(702, 8, 16, '2010-03-09 08:44:29', '0000-00-00 00:00:00'),
(703, 9, 16, '2010-03-09 08:44:29', '0000-00-00 00:00:00'),
(704, 10, 16, '2010-03-09 08:44:29', '0000-00-00 00:00:00'),
(705, 1, 37, '2010-03-09 08:47:02', '0000-00-00 00:00:00'),
(706, 2, 37, '2010-03-09 08:47:02', '0000-00-00 00:00:00'),
(707, 3, 37, '2010-03-09 08:47:02', '0000-00-00 00:00:00'),
(708, 4, 37, '2010-03-09 08:47:02', '0000-00-00 00:00:00'),
(709, 5, 37, '2010-03-09 08:47:02', '0000-00-00 00:00:00'),
(710, 6, 37, '2010-03-09 08:47:02', '0000-00-00 00:00:00'),
(711, 7, 37, '2010-03-09 08:47:02', '0000-00-00 00:00:00'),
(712, 8, 37, '2010-03-09 08:47:02', '0000-00-00 00:00:00'),
(713, 9, 37, '2010-03-09 08:47:02', '0000-00-00 00:00:00'),
(714, 10, 37, '2010-03-09 08:47:02', '0000-00-00 00:00:00'),
(715, 1, 38, '2010-03-09 08:49:58', '0000-00-00 00:00:00'),
(716, 2, 38, '2010-03-09 08:49:58', '0000-00-00 00:00:00'),
(717, 3, 38, '2010-03-09 08:49:58', '0000-00-00 00:00:00'),
(718, 4, 38, '2010-03-09 08:49:58', '0000-00-00 00:00:00'),
(719, 5, 38, '2010-03-09 08:49:58', '0000-00-00 00:00:00'),
(720, 6, 38, '2010-03-09 08:49:59', '0000-00-00 00:00:00'),
(721, 7, 38, '2010-03-09 08:49:59', '0000-00-00 00:00:00'),
(722, 8, 38, '2010-03-09 08:49:59', '0000-00-00 00:00:00'),
(723, 9, 38, '2010-03-09 08:49:59', '0000-00-00 00:00:00'),
(724, 10, 38, '2010-03-09 08:49:59', '0000-00-00 00:00:00'),
(735, 1, 40, '2010-03-09 08:51:26', '0000-00-00 00:00:00'),
(736, 2, 40, '2010-03-09 08:51:26', '0000-00-00 00:00:00'),
(737, 3, 40, '2010-03-09 08:51:26', '0000-00-00 00:00:00'),
(738, 4, 40, '2010-03-09 08:51:26', '0000-00-00 00:00:00'),
(739, 5, 40, '2010-03-09 08:51:26', '0000-00-00 00:00:00'),
(740, 6, 40, '2010-03-09 08:51:26', '0000-00-00 00:00:00'),
(741, 7, 40, '2010-03-09 08:51:26', '0000-00-00 00:00:00'),
(742, 8, 40, '2010-03-09 08:51:26', '0000-00-00 00:00:00'),
(743, 9, 40, '2010-03-09 08:51:26', '0000-00-00 00:00:00'),
(744, 10, 40, '2010-03-09 08:51:26', '0000-00-00 00:00:00'),
(755, 1, 21, '2010-03-09 08:56:18', '0000-00-00 00:00:00'),
(756, 2, 21, '2010-03-09 08:56:18', '0000-00-00 00:00:00'),
(757, 3, 21, '2010-03-09 08:56:18', '0000-00-00 00:00:00'),
(758, 4, 21, '2010-03-09 08:56:18', '0000-00-00 00:00:00'),
(759, 5, 21, '2010-03-09 08:56:18', '0000-00-00 00:00:00'),
(760, 6, 21, '2010-03-09 08:56:18', '0000-00-00 00:00:00'),
(761, 7, 21, '2010-03-09 08:56:18', '0000-00-00 00:00:00'),
(762, 8, 21, '2010-03-09 08:56:18', '0000-00-00 00:00:00'),
(763, 9, 21, '2010-03-09 08:56:18', '0000-00-00 00:00:00'),
(764, 10, 21, '2010-03-09 08:56:19', '0000-00-00 00:00:00'),
(765, 1, 41, '2010-03-09 08:58:20', '0000-00-00 00:00:00'),
(766, 2, 41, '2010-03-09 08:58:20', '0000-00-00 00:00:00'),
(767, 3, 41, '2010-03-09 08:58:20', '0000-00-00 00:00:00'),
(768, 4, 41, '2010-03-09 08:58:20', '0000-00-00 00:00:00'),
(769, 5, 41, '2010-03-09 08:58:20', '0000-00-00 00:00:00'),
(770, 6, 41, '2010-03-09 08:58:20', '0000-00-00 00:00:00'),
(771, 7, 41, '2010-03-09 08:58:20', '0000-00-00 00:00:00'),
(772, 8, 41, '2010-03-09 08:58:20', '0000-00-00 00:00:00'),
(773, 9, 41, '2010-03-09 08:58:20', '0000-00-00 00:00:00'),
(774, 10, 41, '2010-03-09 08:58:20', '0000-00-00 00:00:00'),
(775, 1, 42, '2010-03-09 09:05:59', '0000-00-00 00:00:00'),
(776, 2, 42, '2010-03-09 09:05:59', '0000-00-00 00:00:00'),
(777, 3, 42, '2010-03-09 09:05:59', '0000-00-00 00:00:00'),
(778, 4, 42, '2010-03-09 09:05:59', '0000-00-00 00:00:00'),
(779, 5, 42, '2010-03-09 09:05:59', '0000-00-00 00:00:00'),
(780, 6, 42, '2010-03-09 09:05:59', '0000-00-00 00:00:00'),
(781, 7, 42, '2010-03-09 09:05:59', '0000-00-00 00:00:00'),
(782, 8, 42, '2010-03-09 09:06:00', '0000-00-00 00:00:00'),
(783, 9, 42, '2010-03-09 09:06:00', '0000-00-00 00:00:00'),
(784, 10, 42, '2010-03-09 09:06:00', '0000-00-00 00:00:00'),
(785, 1, 17, '2010-03-09 09:29:52', '0000-00-00 00:00:00'),
(786, 2, 17, '2010-03-09 09:29:52', '0000-00-00 00:00:00'),
(787, 3, 17, '2010-03-09 09:29:52', '0000-00-00 00:00:00'),
(788, 4, 17, '2010-03-09 09:29:53', '0000-00-00 00:00:00'),
(789, 5, 17, '2010-03-09 09:29:53', '0000-00-00 00:00:00'),
(790, 6, 17, '2010-03-09 09:29:53', '0000-00-00 00:00:00'),
(791, 7, 17, '2010-03-09 09:29:53', '0000-00-00 00:00:00'),
(792, 8, 17, '2010-03-09 09:29:53', '0000-00-00 00:00:00'),
(793, 9, 17, '2010-03-09 09:29:53', '0000-00-00 00:00:00'),
(794, 10, 17, '2010-03-09 09:29:53', '0000-00-00 00:00:00'),
(825, 1, 18, '2010-03-09 09:40:10', '0000-00-00 00:00:00'),
(826, 2, 18, '2010-03-09 09:40:10', '0000-00-00 00:00:00'),
(827, 3, 18, '2010-03-09 09:40:10', '0000-00-00 00:00:00'),
(828, 4, 18, '2010-03-09 09:40:10', '0000-00-00 00:00:00'),
(829, 5, 18, '2010-03-09 09:40:10', '0000-00-00 00:00:00'),
(830, 6, 18, '2010-03-09 09:40:10', '0000-00-00 00:00:00'),
(831, 7, 18, '2010-03-09 09:40:10', '0000-00-00 00:00:00'),
(832, 8, 18, '2010-03-09 09:40:10', '0000-00-00 00:00:00'),
(833, 9, 18, '2010-03-09 09:40:10', '0000-00-00 00:00:00'),
(834, 10, 18, '2010-03-09 09:40:10', '0000-00-00 00:00:00'),
(845, 1, 46, '2010-03-09 09:58:55', '0000-00-00 00:00:00'),
(846, 2, 46, '2010-03-09 09:58:55', '0000-00-00 00:00:00'),
(847, 3, 46, '2010-03-09 09:58:55', '0000-00-00 00:00:00'),
(848, 4, 46, '2010-03-09 09:58:55', '0000-00-00 00:00:00'),
(849, 5, 46, '2010-03-09 09:58:55', '0000-00-00 00:00:00'),
(850, 6, 46, '2010-03-09 09:58:55', '0000-00-00 00:00:00'),
(851, 7, 46, '2010-03-09 09:58:55', '0000-00-00 00:00:00'),
(852, 8, 46, '2010-03-09 09:58:55', '0000-00-00 00:00:00'),
(853, 9, 46, '2010-03-09 09:58:55', '0000-00-00 00:00:00'),
(854, 10, 46, '2010-03-09 09:58:55', '0000-00-00 00:00:00'),
(855, 1, 24, '2010-03-09 10:01:17', '0000-00-00 00:00:00'),
(856, 2, 24, '2010-03-09 10:01:17', '0000-00-00 00:00:00'),
(857, 3, 24, '2010-03-09 10:01:17', '0000-00-00 00:00:00'),
(858, 4, 24, '2010-03-09 10:01:17', '0000-00-00 00:00:00'),
(859, 5, 24, '2010-03-09 10:01:17', '0000-00-00 00:00:00'),
(860, 6, 24, '2010-03-09 10:01:17', '0000-00-00 00:00:00'),
(861, 7, 24, '2010-03-09 10:01:17', '0000-00-00 00:00:00'),
(862, 8, 24, '2010-03-09 10:01:17', '0000-00-00 00:00:00'),
(863, 9, 24, '2010-03-09 10:01:17', '0000-00-00 00:00:00'),
(864, 10, 24, '2010-03-09 10:01:17', '0000-00-00 00:00:00'),
(875, 1, 25, '2010-03-09 10:05:21', '0000-00-00 00:00:00'),
(876, 1, 26, '2010-03-09 10:05:42', '0000-00-00 00:00:00'),
(877, 1, 43, '2010-03-09 10:22:37', '0000-00-00 00:00:00'),
(878, 2, 43, '2010-03-09 10:22:37', '0000-00-00 00:00:00'),
(879, 3, 43, '2010-03-09 10:22:37', '0000-00-00 00:00:00'),
(880, 4, 43, '2010-03-09 10:22:37', '0000-00-00 00:00:00'),
(881, 5, 43, '2010-03-09 10:22:37', '0000-00-00 00:00:00'),
(882, 6, 43, '2010-03-09 10:22:37', '0000-00-00 00:00:00'),
(883, 7, 43, '2010-03-09 10:22:37', '0000-00-00 00:00:00'),
(884, 8, 43, '2010-03-09 10:22:37', '0000-00-00 00:00:00'),
(885, 9, 43, '2010-03-09 10:22:37', '0000-00-00 00:00:00'),
(886, 10, 43, '2010-03-09 10:22:37', '0000-00-00 00:00:00'),
(887, 1, 44, '2010-03-09 10:23:02', '0000-00-00 00:00:00'),
(888, 2, 44, '2010-03-09 10:23:02', '0000-00-00 00:00:00'),
(889, 3, 44, '2010-03-09 10:23:02', '0000-00-00 00:00:00'),
(890, 4, 44, '2010-03-09 10:23:02', '0000-00-00 00:00:00'),
(891, 5, 44, '2010-03-09 10:23:02', '0000-00-00 00:00:00'),
(892, 6, 44, '2010-03-09 10:23:02', '0000-00-00 00:00:00'),
(893, 7, 44, '2010-03-09 10:23:02', '0000-00-00 00:00:00'),
(894, 8, 44, '2010-03-09 10:23:02', '0000-00-00 00:00:00'),
(895, 9, 44, '2010-03-09 10:23:02', '0000-00-00 00:00:00'),
(896, 10, 44, '2010-03-09 10:23:02', '0000-00-00 00:00:00'),
(897, 1, 45, '2010-03-09 10:23:16', '0000-00-00 00:00:00'),
(898, 2, 45, '2010-03-09 10:23:16', '0000-00-00 00:00:00'),
(899, 3, 45, '2010-03-09 10:23:16', '0000-00-00 00:00:00'),
(900, 4, 45, '2010-03-09 10:23:16', '0000-00-00 00:00:00'),
(901, 5, 45, '2010-03-09 10:23:16', '0000-00-00 00:00:00'),
(902, 6, 45, '2010-03-09 10:23:16', '0000-00-00 00:00:00'),
(903, 7, 45, '2010-03-09 10:23:16', '0000-00-00 00:00:00'),
(904, 8, 45, '2010-03-09 10:23:16', '0000-00-00 00:00:00'),
(905, 9, 45, '2010-03-09 10:23:16', '0000-00-00 00:00:00'),
(906, 10, 45, '2010-03-09 10:23:16', '0000-00-00 00:00:00'),
(907, 1, 2, '2010-03-14 00:35:39', '0000-00-00 00:00:00'),
(908, 2, 2, '2010-03-14 00:35:39', '0000-00-00 00:00:00'),
(909, 3, 2, '2010-03-14 00:35:39', '0000-00-00 00:00:00'),
(910, 4, 2, '2010-03-14 00:35:39', '0000-00-00 00:00:00'),
(911, 5, 2, '2010-03-14 00:35:39', '0000-00-00 00:00:00'),
(912, 6, 2, '2010-03-14 00:35:39', '0000-00-00 00:00:00'),
(913, 7, 2, '2010-03-14 00:35:39', '0000-00-00 00:00:00'),
(914, 8, 2, '2010-03-14 00:35:39', '0000-00-00 00:00:00'),
(915, 9, 2, '2010-03-14 00:35:39', '0000-00-00 00:00:00'),
(916, 10, 2, '2010-03-14 00:35:39', '0000-00-00 00:00:00'),
(917, 1, 1, '2010-03-14 00:36:15', '0000-00-00 00:00:00'),
(918, 2, 1, '2010-03-14 00:36:15', '0000-00-00 00:00:00'),
(919, 3, 1, '2010-03-14 00:36:15', '0000-00-00 00:00:00'),
(920, 4, 1, '2010-03-14 00:36:15', '0000-00-00 00:00:00'),
(921, 5, 1, '2010-03-14 00:36:15', '0000-00-00 00:00:00'),
(922, 6, 1, '2010-03-14 00:36:15', '0000-00-00 00:00:00'),
(923, 7, 1, '2010-03-14 00:36:15', '0000-00-00 00:00:00'),
(924, 8, 1, '2010-03-14 00:36:15', '0000-00-00 00:00:00'),
(925, 9, 1, '2010-03-14 00:36:15', '0000-00-00 00:00:00'),
(926, 10, 1, '2010-03-14 00:36:15', '0000-00-00 00:00:00'),
(927, 3, 47, '2010-03-14 00:41:59', '0000-00-00 00:00:00'),
(948, 1, 23, '2010-03-14 01:00:35', '0000-00-00 00:00:00'),
(949, 2, 23, '2010-03-14 01:00:35', '0000-00-00 00:00:00'),
(950, 3, 23, '2010-03-14 01:00:35', '0000-00-00 00:00:00'),
(951, 4, 23, '2010-03-14 01:00:35', '0000-00-00 00:00:00'),
(952, 5, 23, '2010-03-14 01:00:35', '0000-00-00 00:00:00'),
(953, 6, 23, '2010-03-14 01:00:35', '0000-00-00 00:00:00'),
(954, 7, 23, '2010-03-14 01:00:35', '0000-00-00 00:00:00'),
(955, 8, 23, '2010-03-14 01:00:35', '0000-00-00 00:00:00'),
(956, 9, 23, '2010-03-14 01:00:35', '0000-00-00 00:00:00'),
(957, 10, 23, '2010-03-14 01:00:35', '0000-00-00 00:00:00'),
(958, 3, 31, '2010-03-14 01:01:27', '0000-00-00 00:00:00'),
(959, 3, 11, '2010-03-14 01:05:22', '0000-00-00 00:00:00'),
(960, 3, 39, '2010-03-14 01:08:44', '0000-00-00 00:00:00'),
(961, 3, 48, '2010-03-14 01:22:56', '0000-00-00 00:00:00'),
(962, 3, 13, '2010-03-14 01:35:45', '0000-00-00 00:00:00'),
(963, 1, 49, '2010-04-22 06:27:40', '0000-00-00 00:00:00'),
(964, 2, 49, '2010-04-22 06:27:40', '0000-00-00 00:00:00'),
(965, 3, 49, '2010-04-22 06:27:40', '0000-00-00 00:00:00'),
(966, 4, 49, '2010-04-22 06:27:40', '0000-00-00 00:00:00'),
(967, 6, 49, '2010-04-22 06:27:40', '0000-00-00 00:00:00'),
(968, 7, 49, '2010-04-22 06:27:40', '0000-00-00 00:00:00'),
(969, 8, 49, '2010-04-22 06:27:40', '0000-00-00 00:00:00'),
(970, 9, 49, '2010-04-22 06:27:40', '0000-00-00 00:00:00'),
(971, 10, 49, '2010-04-22 06:27:40', '0000-00-00 00:00:00'),
(972, 1, 33, '2010-05-22 16:34:21', '0000-00-00 00:00:00'),
(973, 2, 33, '2010-05-22 16:34:21', '0000-00-00 00:00:00'),
(974, 3, 33, '2010-05-22 16:34:21', '0000-00-00 00:00:00'),
(975, 4, 33, '2010-05-22 16:34:21', '0000-00-00 00:00:00'),
(976, 6, 33, '2010-05-22 16:34:21', '0000-00-00 00:00:00'),
(977, 7, 33, '2010-05-22 16:34:21', '0000-00-00 00:00:00'),
(978, 8, 33, '2010-05-22 16:34:21', '0000-00-00 00:00:00'),
(979, 9, 33, '2010-05-22 16:34:21', '0000-00-00 00:00:00'),
(980, 10, 33, '2010-05-22 16:34:21', '0000-00-00 00:00:00');

-- --------------------------------------------------------

--
-- Table structure for table `locking`
--

CREATE TABLE IF NOT EXISTS `locking` (
  `id` int(10) unsigned NOT NULL AUTO_INCREMENT,
  `lc` int(11) NOT NULL,
  `quarter` int(11) DEFAULT NULL,
  `term` int(11) DEFAULT NULL,
  PRIMARY KEY (`id`)
) ENGINE=MyISAM  DEFAULT CHARSET=latin1 AUTO_INCREMENT=10 ;

--
-- Dumping data for table `locking`
--


-- --------------------------------------------------------

--
-- Table structure for table `logic`
--

CREATE TABLE IF NOT EXISTS `logic` (
  `id` int(11) NOT NULL AUTO_INCREMENT,
  `equals` varchar(50) NOT NULL,
  PRIMARY KEY (`id`)
) ENGINE=InnoDB  DEFAULT CHARSET=latin1 AUTO_INCREMENT=5 ;

--
-- Dumping data for table `logic`
--

INSERT INTO `logic` (`id`, `equals`) VALUES
(1, 'Sum'),
(2, 'Average'),
(3, 'Last value'),
(4, 'if at least 1 yes=>yes');

-- --------------------------------------------------------

--
-- Table structure for table `quarters`
--

CREATE TABLE IF NOT EXISTS `quarters` (
  `id` int(10) unsigned NOT NULL AUTO_INCREMENT,
  `quarter_from` date NOT NULL,
  `quarter_to` date NOT NULL,
  `description` varchar(75) NOT NULL,
  `created` varchar(75) NOT NULL,
  `updated` datetime NOT NULL,
  `term` int(10) unsigned NOT NULL,
  `quarter_in_term` int(11) NOT NULL,
  PRIMARY KEY (`id`)
) ENGINE=MyISAM  DEFAULT CHARSET=latin1 AUTO_INCREMENT=23 ;

--
-- Dumping data for table `quarters`
--

INSERT INTO `quarters` (`id`, `quarter_from`, `quarter_to`, `description`,
`created`, `updated`, `term`, `quarter_in_term`) VALUES
(4, '2008-10-01', '2008-12-31', '', '2009-09-01 16:38:54', '0000-00-00
00:00:00', 2, 2),
(3, '2008-07-01', '2008-09-30', '', '2009-09-01 16:38:20', '0000-00-00
00:00:00', 2, 1),
(5, '2009-01-01', '2009-03-31', '', '2009-09-01 16:39:21', '0000-00-00
00:00:00', 2, 3),
(6, '2009-04-01', '2009-06-30', '', '2009-09-01 16:41:03', '2009-09-01
18:52:54', 2, 4),
(7, '2009-07-01', '2009-09-30', '', '2009-09-01 16:41:31', '0000-00-00
00:00:00', 3, 1),
(8, '2009-10-01', '2009-12-31', '', '2009-09-01 16:41:47', '0000-00-00
00:00:00', 3, 2),
(9, '2010-01-01', '2010-03-31', '', '2009-09-01 16:42:00', '0000-00-00
00:00:00', 3, 3),
(10, '2010-04-01', '2010-06-30', '', '2009-09-01 18:53:23', '0000-00-00
00:00:00', 3, 4),
(11, '2007-07-01', '2007-09-30', '2007-07-01 - 2007-09-30', '2009-09-14
03:59:00', '0000-00-00 00:00:00', 4, 1),
(12, '2007-10-01', '2007-12-31', '2007-10-01 - 2007-12-31', '2009-09-14
03:59:53', '2009-09-14 04:01:27', 4, 2),
(13, '2008-01-01', '2008-03-31', '2008-01-01 - 2008-03-31', '2009-09-14
04:01:13', '0000-00-00 00:00:00', 4, 3),
(14, '2008-04-01', '2008-06-30', '2008-04-01 - 2008-06-30', '2009-09-14
04:02:25', '0000-00-00 00:00:00', 4, 4),
(15, '2006-07-01', '2006-09-30', '2006-07-01 - 2006-09-30', '2009-12-12
05:55:34', '0000-00-00 00:00:00', 5, 1),
(16, '2006-10-01', '2006-12-31', '2006-10-01 - 2006-12-31', '2009-12-12
05:56:35', '0000-00-00 00:00:00', 5, 2),
(17, '2007-01-01', '2007-03-31', '2007-01-01 - 2007-03-31', '2009-12-12
05:57:20', '0000-00-00 00:00:00', 5, 3),
(18, '2007-04-01', '2007-06-30', '2007-04-01 - 2007-06-30', '2009-12-12
05:58:09', '0000-00-00 00:00:00', 5, 4),
(19, '2010-07-01', '2010-09-30', '', '2010-06-25 05:36:34', '0000-00-00
00:00:00', 6, 1),
(20, '2010-10-01', '2010-12-31', '', '2010-06-25 05:37:44', '0000-00-00
00:00:00', 6, 2),
(21, '2011-01-01', '2010-03-31', '', '2010-06-25 05:38:05', '2010-06-25
05:40:35', 6, 3),
(22, '2011-04-01', '2011-06-30', '', '2010-06-25 05:38:18', '2010-06-25
05:40:23', 6, 4);

-- --------------------------------------------------------

--
-- Table structure for table `roles`
--

CREATE TABLE IF NOT EXISTS `roles` (
  `id` int(10) unsigned NOT NULL AUTO_INCREMENT,
  `name` varchar(45) CHARACTER SET latin1 COLLATE latin1_general_ci NOT
NULL,
  `level` int(10) unsigned NOT NULL,
  PRIMARY KEY (`id`)
) ENGINE=MyISAM DEFAULT CHARSET=latin1 AUTO_INCREMENT=1 ;

--
-- Dumping data for table `roles`
--


-- --------------------------------------------------------

--
-- Table structure for table `terms`
--

CREATE TABLE IF NOT EXISTS `terms` (
  `id` int(10) unsigned NOT NULL AUTO_INCREMENT,
  `term_from` date NOT NULL,
  `term_to` date NOT NULL,
  `description` varchar(255) CHARACTER SET latin2 COLLATE latin2_czech_cs
NOT NULL,
  `created` datetime NOT NULL,
  `updated` datetime NOT NULL,
  `number_of_term` int(11) NOT NULL,
  PRIMARY KEY (`id`),
  UNIQUE KEY `term_from` (`term_from`,`term_to`)
) ENGINE=MyISAM  DEFAULT CHARSET=latin1 AUTO_INCREMENT=7 ;

--
-- Dumping data for table `terms`
--

INSERT INTO `terms` (`id`, `term_from`, `term_to`, `description`, `created`,
`updated`, `number_of_term`) VALUES
(2, '2008-07-01', '2009-06-30', '', '2009-09-01 16:29:01', '2009-12-12
05:53:59', 3),
(3, '2009-07-01', '2010-06-30', '', '2009-09-01 16:29:55', '2009-12-12
05:54:07', 4),
(4, '2007-07-01', '2008-06-30', '2007-07-01 - 2008-06-30', '2009-09-14
03:55:49', '2009-12-12 05:54:15', 2),
(6, '2010-07-01', '2011-06-30', 'create new item', '2010-06-25 05:36:08',
'2010-06-25 05:38:39', 4);

-- --------------------------------------------------------

--
-- Table structure for table `tracking`
--

CREATE TABLE IF NOT EXISTS `tracking` (
  `id` int(10) unsigned NOT NULL AUTO_INCREMENT,
  `area` int(10) unsigned NOT NULL,
  `lc` int(10) unsigned NOT NULL,
  `actual` int(10) unsigned NOT NULL,
  `target` int(10) unsigned NOT NULL,
  `created` datetime NOT NULL,
  `updated` datetime NOT NULL,
  `term` int(10) unsigned DEFAULT NULL,
  PRIMARY KEY (`id`),
  UNIQUE KEY `area-lc-term` (`area`,`lc`,`term`),
  KEY `term` (`term`)
) ENGINE=MyISAM  DEFAULT CHARSET=latin1 AUTO_INCREMENT=19 ;

--
-- Dumping data for table `tracking`
--


-- --------------------------------------------------------

--
-- Table structure for table `users`
--

CREATE TABLE IF NOT EXISTS `users` (
  `id` int(10) unsigned NOT NULL AUTO_INCREMENT,
  `name` varchar(45) COLLATE utf8_bin NOT NULL,
  `surname` varchar(45) COLLATE utf8_bin NOT NULL,
  `email` varchar(48) COLLATE utf8_bin NOT NULL,
  `lc` int(10) unsigned NOT NULL,
  `pass` varchar(45) COLLATE utf8_bin DEFAULT NULL,
  `login` varchar(45) COLLATE utf8_bin NOT NULL,
  `created` datetime NOT NULL,
  `updated` datetime NOT NULL,
  PRIMARY KEY (`id`)
) ENGINE=InnoDB  DEFAULT CHARSET=utf8 COLLATE=utf8_bin AUTO_INCREMENT=12 ;

--
-- Dumping data for table `users`
--

INSERT INTO `users` (`id`, `name`, `surname`, `email`, `lc`, `pass`,
`login`, `created`, `updated`) VALUES
(1, 'Vojta', 'Zehnalek', 'krystof1000@gmail.com', 1, 'aiesec', 'MC',
'0000-00-00 00:00:00', '2009-09-01 19:44:02'),
(3, 'Nathalie', 'Chemayelová', 'nathalie.chemayelova@aiesec.cz', 2, '',
'Plzen', '2009-09-01 19:14:06', '2010-04-05 02:33:48'),
(4, 'Vladimír', 'Soukup', 'vladimir.soukup@aiesec.cz', 3, 'unique', 'Praha',
'2009-09-01 19:14:15', '2010-04-05 02:34:25'),
(5, 'Michael', 'Brabec', 'michael.brabec@aiesec.cz', 4, '', 'CZU Praha',
'2009-09-01 19:14:55', '2010-04-05 02:35:19'),
(6, '', '', '', 5, '', 'Pardubice', '2009-09-01 19:15:05', '0000-00-00
00:00:00'),
(7, 'Martina', 'Stachová', 'martina.stachova@aiesec.cz', 6, '', 'Olomouc',
'2009-09-01 19:15:58', '2010-04-05 02:36:14'),
(8, 'Zuzana', 'Jancovicová', 'zuzana.jancovicova@aiesec.cz', 7, '', 'Brno',
'2009-09-01 19:16:05', '2010-04-05 02:36:52'),
(9, 'Tomáš', 'Buchwaldek', 'tomas.buchwaldek@aiesec.cz', 8, '', 'Ostrava',
'2009-09-01 19:16:12', '2010-04-05 02:37:33'),
(10, 'Martina', 'Bednarova', 'martina.bednarova@aiesec.cz', 9, '',
'Karvina', '2009-09-01 19:16:17', '2010-04-05 02:38:15'),
(11, 'Radovan', 'Dimitrov', 'radovan.dimitrov@aiesec.cz', 10, '', 'Zlin',
'2009-09-01 19:16:23', '2010-04-05 02:38:30');

